2.916894077967009669e-02,-3.152116812825929149e-01,6.944865319394434300e-01,-6.683979886449233077e-02,-4.136933418309275412e-01,-3.889434829986840314e-01,-1.059431091350960912e-02,-4.270445251520323948e-01,-5.041019398131929563e-01,-3.600862541670653560e-01,1.000000000000000000e+00
-1.319781012864234659e+00,-1.436658906043427830e+00,-1.181638639032017934e+00,-1.481874029674133064e+00,-1.425533933852036750e+00,-1.403890897114776104e+00,-1.226000765665461456e+00,-1.368911857838376100e+00,-1.426331665197253962e+00,-1.497051922036549021e+00,-1.000000000000000000e+00
3.607891449981330823e-01,2.270577756776287759e-01,8.502163855029766237e-01,4.500163269427356338e-01,1.525073858781960667e-01,-1.266994511524899836e-01,-3.475765952495062372e-01,-1.849428950041369646e-01,-5.583258881834386733e-02,6.511958709799268163e-01,1.000000000000000000e+00
3.080579666104450998e-01,1.833597235581532481e-01,9.935451586247426858e-01,1.970631641870592976e-01,1.161809263626001065e-01,-2.644430622121408669e-01,-4.240312097336360608e-01,-3.267557114263580087e-01,-1.875654633491931345e-01,5.553205039476737381e-01,1.000000000000000000e+00
-1.095589471928805958e+00,-7.380911022868581473e-01,-1.230980350083358266e+00,-9.276502160191428814e-01,-9.224326838057163025e-01,-4.778795037672401991e-01,-1.365538579534208985e-01,-3.952983961421819847e-01,-5.678754074757476067e-01,-1.106612349480096791e+00,-1.000000000000000000e+00
3.749901968215446635e-01,5.197649208242499652e-01,-7.454519152523969572e-01,4.270307375266028660e-01,7.717854943091155828e-01,5.171219849098680488e-01,1.653608916413645546e-01,5.893488556656055755e-01,7.440619589686068291e-01,5.301543476135095467e-01,-1.000000000000000000e+00
-4.469680038641752340e-01,1.607228466578495829e-01,-9.218722012790150355e-01,-2.043832108173297690e-01,-5.525445473357344650e-02,5.104763503167903949e-01,5.416766131039445487e-01,4.591186487497181945e-01,4.217830901373855745e-01,-1.772326611786253503e-01,-1.000000000000000000e+00
4.107106059365190909e-01,3.145245957659657532e-01,7.279685249395789759e-01,2.915052308251836477e-01,3.173433732509283595e-02,3.704803900881029621e-01,7.827384928015453935e-01,3.810424512366772376e-01,2.555439374457930124e-01,1.669577488557991707e-01,1.000000000000000000e+00
-1.237947180074326248e+00,-1.466905279164211651e+00,-8.780281702149477230e-01,-1.339035085705849060e+00,-1.382610282643617960e+00,-1.530293195362557146e+00,-1.525430549121910895e+00,-1.521866254289571341e+00,-1.411431194389689114e+00,-1.292337450232972085e+00,-1.000000000000000000e+00
7.834124777658681982e-01,1.039932530920655074e+00,8.369325254829074190e-01,1.004812870229268240e+00,8.016868850809583114e-01,1.223280033944424749e+00,1.407961234696792241e+00,1.105303763923249027e+00,9.837631919452458629e-01,7.803884165515904137e-01,1.000000000000000000e+00
3.622208534490955478e-01,5.266336301438822032e-01,-6.194549745911843708e-01,4.716326268292838630e-01,7.650356905881015024e-01,6.408346937345836825e-01,2.670686342033384286e-01,7.027258214210717613e-01,7.574879122355022698e-01,4.036969925302260065e-01,-1.000000000000000000e+00
1.910127236515174021e+00,1.620050702464965964e+00,1.206993590847314612e+00,1.741205494236482076e+00,1.824463859566616941e+00,1.601362069384608233e+00,1.303646717633693219e+00,1.493559923914576260e+00,1.620045374950325412e+00,1.760661228073351792e+00,1.000000000000000000e+00
-1.135973374823689097e+00,-7.747478220530722437e-01,-1.315583743556215879e+00,-9.156355985343611614e-01,-8.587172602954328271e-01,-9.797271962565204939e-01,-1.441564427110785696e+00,-9.833438456032387309e-01,-9.304316592306925982e-01,-5.889694198525468050e-01,-1.000000000000000000e+00
1.169985123020944151e+00,1.406699030247351212e+00,1.112188015623500004e+00,1.124903510243983495e+00,1.069253492016773555e+00,1.478158948180584353e+00,1.574598462686395361e+00,1.361339429969730563e+00,1.355172510240601813e+00,1.158596952137106451e+00,1.000000000000000000e+00
-1.176380004606328633e+00,-1.219125524293137142e+00,-8.864974941574800260e-01,-1.199282838243279414e+00,-1.068470198299717788e+00,-1.373129214675754994e+00,-1.596109378743517437e+00,-1.361984664902820441e+00,-1.213528156237047684e+00,-8.417528277139042503e-01,-1.000000000000000000e+00
3.783750796929774007e-01,3.872024493018655367e-01,7.102898982120011695e-01,3.486361785255274182e-01,6.419378501481075305e-02,4.223244182691591742e-01,9.018287259027272240e-01,4.729109424737563683e-01,2.946978115003778820e-01,1.467722875969916518e-01,1.000000000000000000e+00
-1.096883799425143025e+00,-9.134374003597162117e-01,-1.079269693041803535e+00,-9.591832984080380653e-01,-1.001392570206308008e+00,-4.600298793936804520e-01,-3.485390175113966538e-01,-4.652235525816754147e-01,-6.278163050488952956e-01,-1.203679507717429598e+00,-1.000000000000000000e+00
4.868946252632721516e-01,5.009708491972464373e-01,-6.439704455577242026e-01,3.562021600578990088e-01,7.360196621001596773e-01,7.153625635835438867e-01,2.625502862175744800e-01,6.727605196362780315e-01,7.548805962301692318e-01,4.495984624085705428e-01,-1.000000000000000000e+00
1.571125210735472066e+00,1.680667118780708513e+00,1.292166221649127866e+00,1.533826490112086383e+00,1.644651700698495755e+00,1.690654913873011811e+00,1.725276736288166912e+00,1.627261077837781400e+00,1.703279688019409210e+00,1.687340010968285675e+00,1.000000000000000000e+00
9.423506254496394341e-01,1.258632993005209366e+00,1.065996319621441701e+00,1.138698121407765385e+00,1.037987246916874717e+00,1.408402913134172207e+00,1.595640483796089137e+00,1.330299092483804291e+00,1.238023958215318743e+00,1.060558657996199416e+00,1.000000000000000000e+00
-1.151445383931999800e+00,-7.725607397962170886e-01,-1.122478664022127370e+00,-1.003096259735178464e+00,-8.132807615212905850e-01,-9.388919993877281600e-01,-1.359840247570601290e+00,-1.014280516422386924e+00,-8.926594516010307734e-01,-5.071265842027917747e-01,-1.000000000000000000e+00
5.570957988397231553e-01,7.998565208620821432e-01,9.386292084225295040e-01,5.872379649244284794e-01,5.084111717038543032e-01,7.864543279873725812e-01,1.216766331704585591e+00,8.235557135256693639e-01,6.838698704872578915e-01,4.464956896723956126e-01,1.000000000000000000e+00
1.637237646869090346e+00,1.679873037349522313e+00,1.245505925865964425e+00,1.685809724566664558e+00,1.702963314108307147e+00,1.807045748689541931e+00,1.663069025735395279e+00,1.707924572432736765e+00,1.804702841735437380e+00,1.597494959926870628e+00,1.000000000000000000e+00
2.415620217175371565e-01,1.069838514232463456e-01,8.487359706539007176e-01,1.115866766807870475e-01,-3.354460996063646228e-02,2.132522373397157112e-01,6.491731165852352436e-01,1.965967692419788304e-01,4.589543071798928703e-02,-1.148691894334202268e-01,1.000000000000000000e+00
-1.449648644099810202e+00,-1.423665122626460278e+00,-1.059262052659258435e+00,-1.440074016461627027e+00,-1.351031492208881302e+00,-1.243521870246397709e+00,-9.700840119481236590e-01,-1.240844554505032171e+00,-1.285321382805090673e+00,-1.482243499059904934e+00,-1.000000000000000000e+00
-1.332035259185888165e+00,-1.427992979284720354e+00,-1.355038357386104897e+00,-1.438743176224469345e+00,-1.408831410374935533e+00,-1.214768055748622455e+00,-9.878171105325920243e-01,-1.191365907935331148e+00,-1.312548456669796026e+00,-1.452774364340540636e+00,-1.000000000000000000e+00
-1.452988196394913167e+00,-1.527690183527697920e+00,-1.111820632918674834e+00,-1.482896890705994508e+00,-1.400789899154401219e+00,-1.488392800869256183e+00,-1.387038171347218851e+00,-1.468661499930534076e+00,-1.439058507427278144e+00,-1.551791907980021978e+00,-1.000000000000000000e+00
5.880131448851214776e-02,-9.038180949036796197e-02,7.600105543279906950e-01,1.272112029302198966e-01,-1.746572125266590003e-01,-9.855352631696057131e-02,4.059726400927328172e-01,-2.060889903729445222e-02,-1.710187902952820804e-01,-1.775248722570894888e-01,1.000000000000000000e+00
4.487859696886351002e-01,2.059524224565865702e-01,-1.024423679945803745e+00,3.697993567342429677e-01,8.487913029717277791e-01,2.846256653277379201e-01,-8.484317104771672835e-02,4.091624771627841994e-01,4.490888029377872459e-01,3.786403440819864907e-01,-1.000000000000000000e+00
5.896426669318199920e-01,7.165376550928259647e-01,7.018935815311110327e-01,6.175534568822658166e-01,3.498765808941582955e-01,7.588900965097473694e-01,1.134439710764489018e+00,7.275586099922735084e-01,5.840235102593456240e-01,3.336816709554296101e-01,1.000000000000000000e+00
4.130552858664199301e-01,4.510979366100028587e-01,-7.344936987059923483e-01,3.836781932116870020e-01,7.654706049475309415e-01,5.274600401986913045e-01,1.137528776970153643e-01,6.185132942091207120e-01,6.418209956675525740e-01,4.621602509117366808e-01,-1.000000000000000000e+00
-1.358247472490117014e+00,-1.602003654236765495e+00,-8.003580800627696501e-01,-1.369820884885488033e+00,-1.369195444226662506e+00,-1.439424124043730213e+00,-1.513951289083055318e+00,-1.492665617746977702e+00,-1.429395293480518525e+00,-1.332357021668043151e+00,-1.000000000000000000e+00
1.927728850908473068e-01,-2.730229957063289303e-01,1.082080206748708084e+00,6.118911865625355218e-02,-2.164886335879696866e-01,-5.709390817012842678e-01,-5.603296200802313498e-01,-6.074456645427853685e-01,-4.592997017040620356e-01,6.707958731093349725e-02,1.000000000000000000e+00
-4.191607938714365239e-02,-3.158747547625755936e-01,7.801323484271500686e-01,-2.060154596383300535e-02,-3.257216788794286555e-01,-4.887768196028589029e-01,-1.950252019794050107e-01,-4.521920271950345960e-01,-5.523455731564751447e-01,-2.932608342469315565e-01,1.000000000000000000e+00
1.277099951743463135e+00,1.455447992246643452e+00,1.136549109470903041e+00,1.268530260804078491e+00,1.246223318083381049e+00,1.697038013904691889e+00,1.680271900794751749e+00,1.584525434927449128e+00,1.505494575605589080e+00,1.369978286798075207e+00,1.000000000000000000e+00
1.107566563022127637e-02,-3.429483267037704008e-01,7.210035756529196149e-01,-1.064658711987787193e-01,-3.564933309984358312e-01,-4.907587953670290437e-01,-1.537266201108963559e-01,-4.876318687236603777e-01,-4.890288299602075783e-01,-3.086835794227980045e-01,1.000000000000000000e+00
1.821425273830678204e+00,1.576216922780836693e+00,1.123915736135904231e+00,1.797651604257092695e+00,1.761603975717509707e+00,1.453217053204344467e+00,1.085366996735633638e+00,1.440790953821801335e+00,1.480445478409346816e+00,1.724098890244095017e+00,1.000000000000000000e+00
1.807473084371113758e+00,1.533829094657847003e+00,1.039427116777256854e+00,1.846373174874749612e+00,1.853050901424690977e+00,1.275369505084953614e+00,1.049956512455392899e+00,1.375299828915721001e+00,1.361870836077828217e+00,1.580768089573293400e+00,1.000000000000000000e+00
8.660813742545073191e-02,1.614291960603234447e-02,6.535256937997552251e-01,6.362722465289051554e-02,-2.246544690126227040e-01,5.447687046810084643e-02,5.751638950870342493e-01,6.823302702471653602e-03,-1.823764317966330428e-01,-1.103249164206510646e-01,1.000000000000000000e+00
2.753681626380357628e-01,4.060120402730104661e-01,7.897608422364676972e-01,2.969996645743536168e-01,2.182232792399697030e-01,-7.196658588509838306e-02,-2.931611637399066939e-01,-1.694901056762970759e-01,-4.484212139187078450e-02,7.055876506923253189e-01,1.000000000000000000e+00
1.717896223085417340e+00,1.783060124045653172e+00,1.420505455557234065e+00,1.774285010105790761e+00,1.716690404288329308e+00,1.635931053907060617e+00,1.516967759342126909e+00,1.704059160985189836e+00,1.728717293417838086e+00,1.812952910529948003e+00,1.000000000000000000e+00
9.824656648757291999e-02,-1.181754379482608391e-01,9.830105127866810566e-01,7.067227963223848830e-02,-2.399522940857897191e-01,-5.379357411882071949e-01,-4.698941610730787422e-01,-5.645727438831343870e-01,-4.537452854359196319e-01,7.198925541138205542e-02,1.000000000000000000e+00
-1.414658944057205714e+00,-1.464330145525363003e+00,-1.091412790131039756e+00,-1.423293624843685601e+00,-1.414072593570662839e+00,-1.363534791118702350e+00,-1.167806405665881897e+00,-1.260833262992414827e+00,-1.428988975539920103e+00,-1.575319299281756846e+00,-1.000000000000000000e+00
1.261656499959851740e-01,-2.736157318177674380e-01,9.958585916873591293e-01,5.502473456832154483e-03,-2.303423438483503671e-01,-5.390515825929681482e-01,-5.744194750212539002e-01,-5.811840781716528515e-01,-5.262557069967919166e-01,9.817086494516000239e-02,1.000000000000000000e+00
-1.099519024251578658e+00,-8.791680603373126512e-01,-1.150657756753787897e+00,-9.486315475132185426e-01,-7.067685608553765375e-01,-9.743083869384803197e-01,-1.327917753726279848e+00,-9.818603947632783546e-01,-9.053211911864760264e-01,-5.103938876027337423e-01,-1.000000000000000000e+00
-1.233231382646759355e+00,-1.332809064950419398e+00,-8.443159742319402694e-01,-1.246499841340667825e+00,-1.129792912843126551e+00,-1.303989780251771480e+00,-1.686566632170694247e+00,-1.444383306470208517e+00,-1.259923880762684467e+00,-1.000976751111104956e+00,-1.000000000000000000e+00
3.238585443967786220e-02,-3.071268295467527998e-01,1.058217427189223736e+00,-3.646899528231319770e-02,-2.819553908373342299e-01,-6.392570288656457267e-01,-3.763853584922638995e-01,-6.763620576745030810e-01,-5.893888975350988213e-01,-9.795238248868004538e-02,1.000000000000000000e+00
9.696584329140444103e-01,1.319390447473071548e+00,1.057322941592179877e+00,1.132484234999129313e+00,1.094529460385867958e+00,1.398080328372458991e+00,1.626960890603256438e+00,1.371285029137579548e+00,1.325755825433714508e+00,1.177838861306841123e+00,1.000000000000000000e+00
-2.207798099354578714e-01,2.086642163425303509e-01,-7.571448127916273751e-01,-7.004494012643519563e-02,2.387872541705002849e-01,6.013899747702624587e-01,5.336645520374574403e-01,5.680874763052454757e-01,5.898253417542955734e-01,8.373004417571458177e-03,-1.000000000000000000e+00
2.960003123810298620e-01,6.461650813938014937e-02,1.055776897471752296e+00,2.431041126005312192e-01,5.853646771530626389e-03,-2.378890722258628077e-01,-5.635793806793318872e-01,-4.038348702826762282e-01,-2.913169105884461096e-01,4.961597104271815994e-01,1.000000000000000000e+00
-1.359205314559061240e+00,-1.383063087117423207e+00,-1.150585768173287393e+00,-1.370143012820129069e+00,-1.350497815678952440e+00,-1.183159934193665386e+00,-1.016514439773847922e+00,-1.240280620801339717e+00,-1.257702530841894095e+00,-1.513579709486137403e+00,-1.000000000000000000e+00
-5.373652365131078579e-01,6.200431919398867453e-02,-9.902827611013432785e-01,-4.170689023835807974e-01,-1.973528172147239468e-01,4.038630137779218310e-01,4.690473357398512455e-01,3.683478281242462127e-01,2.231273033169395570e-01,-3.337449898652612990e-01,-1.000000000000000000e+00
5.233269880893632459e-02,-3.488411961109440518e-01,8.868188536877152917e-01,-9.494692595549844572e-02,-4.819386135115332759e-01,-5.847603400406182761e-01,-3.532746782631913107e-01,-6.139606301589426440e-01,-4.959436692825616722e-01,-1.233839901014095186e-01,1.000000000000000000e+00
3.363395606202757571e-01,5.411534498843320051e-01,-5.740394232961135712e-01,4.771801793160627692e-01,7.579766365964694108e-01,6.689407394598421153e-01,2.839498872242437466e-01,7.218304343918667820e-01,8.100116590232986358e-01,5.039345022755274961e-01,-1.000000000000000000e+00
-1.211674471610918236e+00,-9.694708461568132263e-01,-1.278652422526815879e+00,-1.066431914613299003e+00,-1.012569644065292929e+00,-7.160570813610813712e-01,-4.509248194040630930e-01,-6.182341470556032004e-01,-8.149426459718700499e-01,-1.333763012981702634e+00,-1.000000000000000000e+00
1.520305086201408695e+00,1.644454612199706345e+00,1.155465745457616045e+00,1.556865528754760586e+00,1.538557008664453996e+00,1.662402241743837550e+00,1.652564631885098390e+00,1.626921778190911327e+00,1.659958712343946097e+00,1.462459755284561957e+00,1.000000000000000000e+00
1.076890705969245216e-01,4.839192416711358101e-03,6.849418021335218487e-01,1.526736718890405187e-01,-9.360647523033267803e-02,-1.798333370853772654e-03,4.560018188304902353e-01,2.920427544276599577e-02,-1.331466790889926366e-01,-4.005637344362636409e-02,1.000000000000000000e+00
1.758810834308078386e+00,1.471115130962965312e+00,1.016630484802447443e+00,1.667636553217604956e+00,1.772812272382839893e+00,1.155164071769574585e+00,8.634888183142753748e-01,1.291344919673840907e+00,1.275484445317529580e+00,1.505301011817265167e+00,1.000000000000000000e+00
4.826569826037222649e-02,-1.699839838409144543e-01,6.347906440206453338e-01,-7.584208505313223825e-02,-4.191635958204458778e-01,-4.279703794177854848e-01,-1.370270286333339638e-01,-3.967390921321855002e-01,-4.417225624228452441e-01,-1.961439487227024658e-01,1.000000000000000000e+00
9.792435833247157273e-01,1.408947497738517907e+00,9.876431523548561131e-01,1.295903410058411476e+00,1.088706863618965182e+00,1.463023424609038337e+00,1.630082028178192921e+00,1.382589013053127980e+00,1.375318695799849777e+00,1.086996501490682610e+00,1.000000000000000000e+00
-1.338274618525882920e+00,-1.492682760188432267e+00,-9.803053082464090462e-01,-1.406065763704425597e+00,-1.330028429163961912e+00,-1.519870078769639976e+00,-1.463358384186784544e+00,-1.539807120841703236e+00,-1.469231817899076420e+00,-1.472596297357507744e+00,-1.000000000000000000e+00
-1.234393967789816360e+00,-1.436653015849307824e+00,-1.237373212718145377e+00,-1.445293472109723920e+00,-1.476803641526899247e+00,-1.240017410725054559e+00,-9.619070610566884394e-01,-1.179439583459008567e+00,-1.312343413524974967e+00,-1.527698495064744533e+00,-1.000000000000000000e+00
-1.341221381603005414e+00,-1.143456942571756452e+00,-1.328897305152758390e+00,-1.347483902421124036e+00,-1.124936351692060521e+00,-8.867241194976780427e-01,-5.965346000505007407e-01,-8.071255086689224090e-01,-1.029076582135569184e+00,-1.571845440643318881e+00,-1.000000000000000000e+00
-1.134651559070493310e+00,-1.316154745991571007e+00,-8.162102750866918610e-01,-1.182977267510500363e+00,-1.160331979669036784e+00,-1.360588252435259493e+00,-1.552083292100593370e+00,-1.471516464323108897e+00,-1.250304874779730291e+00,-9.883777675295246645e-01,-1.000000000000000000e+00
3.869597228738042571e-01,3.195429198354224898e-01,1.091240747373640296e+00,2.850566164734703589e-01,1.856663158094879751e-01,-1.135874413698161750e-01,-3.627349408273603526e-01,-2.041352028534116625e-01,-3.999037439897517449e-02,7.414919403659611108e-01,1.000000000000000000e+00
3.091508561250571607e-01,3.667542892569543578e-01,7.274672456490416383e-01,4.035541569190888578e-01,2.038106454329315087e-01,-8.396143334628362875e-02,-2.742515788176658753e-01,-1.015697489289072442e-01,-6.890073670480625044e-03,7.705903727031979678e-01,1.000000000000000000e+00
-4.647683763000705071e-01,1.566226586975961454e-01,-8.533029628537956990e-01,-2.570821051637329213e-01,-1.632216705552377075e-03,4.962377357480300955e-01,4.992866955356711212e-01,4.232530178772969665e-01,4.006016995109413781e-01,-3.302951515860276244e-01,-1.000000000000000000e+00
4.548355359395398478e-01,3.424697462415218219e-01,-8.849375953750500123e-01,3.935355857978258820e-01,7.796831494590277245e-01,2.780243729543586673e-01,-1.255048630319004488e-01,4.438071888471747384e-01,4.610112332304153182e-01,3.328530956610044056e-01,-1.000000000000000000e+00
-1.378038080040111968e+00,-1.314117553977213859e+00,-1.240840774363609178e+00,-1.293758424032032561e+00,-1.324834623246172516e+00,-1.177305898700490294e+00,-8.841882131589061666e-01,-1.131291571252065919e+00,-1.199463494363922411e+00,-1.501985049264488392e+00,-1.000000000000000000e+00
-1.157257425463721567e+00,-1.358147131797424967e+00,-8.920212914686451722e-01,-1.295224690327758665e+00,-1.341594873793937159e+00,-1.410718375010364234e+00,-1.693614917660555053e+00,-1.514830190134006660e+00,-1.370759941156438178e+00,-1.206154456911493700e+00,-1.000000000000000000e+00
-1.157814539083770633e+00,-1.009992876781391713e+00,-1.155245881036391253e+00,-1.048314619889246346e+00,-9.476569910029021271e-01,-1.083978138859739593e+00,-1.439137720715353286e+00,-1.187512485387560934e+00,-1.023200172414482134e+00,-7.068684313548673215e-01,-1.000000000000000000e+00
2.065808184523673652e-01,4.870615134923055867e-01,-6.301934033933669355e-01,2.663795116511569749e-01,6.344377355793061612e-01,7.770473741931146483e-01,6.157258630692573620e-01,7.223325379987693973e-01,7.738176811788340936e-01,2.976227241006016433e-01,-1.000000000000000000e+00
7.641894439245650039e-01,1.007485563599667122e+00,8.914943912962540740e-01,8.104077629872449284e-01,6.364500487409903151e-01,1.147495789474356931e+00,1.362895482542590075e+00,1.089110858069803456e+00,8.761652466028083674e-01,7.041343795096371982e-01,1.000000000000000000e+00
2.843404080934465172e-01,3.179537064166190752e-01,7.385939156193390698e-01,3.135991253012815339e-01,3.100813429784209790e-02,3.461892182567909981e-01,8.188643183586367114e-01,3.637028609978357196e-01,2.092861931250130370e-01,3.402449198225020177e-02,1.000000000000000000e+00
2.707882587285661558e-01,4.693167565700681609e-01,-6.675109980819757816e-01,2.852342089722914587e-01,6.916021771210266733e-01,7.745995681461973481e-01,4.986999558548195766e-01,8.056898408054000704e-01,8.420650291488960271e-01,3.708905777439616136e-01,-1.000000000000000000e+00
6.614234663435876183e-01,8.738110016457160123e-01,9.195718755323919469e-01,7.400525579743354454e-01,5.254063135732205403e-01,9.743830513515231440e-01,1.192292699756786867e+00,9.393701321721605879e-01,8.076798701038310213e-01,5.239046673136014132e-01,1.000000000000000000e+00
5.134914677255117965e-01,6.834514560468583078e-01,8.489782985214918698e-01,7.496062484009986537e-01,4.674436123803174525e-01,8.962697506783400270e-01,1.194594120146306837e+00,8.637435758446837530e-01,7.475288646477471488e-01,4.761318322315397089e-01,1.000000000000000000e+00
1.874508596546859529e+00,1.617648207620365541e+00,1.207421194579128887e+00,1.772741124469505047e+00,1.850983729868207250e+00,1.456368173650679498e+00,1.274665241191111686e+00,1.544367107810443729e+00,1.608139017474964128e+00,1.798491920111628950e+00,1.000000000000000000e+00
1.758130313935844180e+00,1.781009912896161174e+00,1.327872973558276382e+00,1.716505557708889462e+00,1.690507101277347157e+00,1.652313280052073674e+00,1.584756462113349196e+00,1.656571030382315568e+00,1.755928604111088864e+00,1.732655559301123915e+00,1.000000000000000000e+00
-1.371408867043361068e+00,-1.527740152630447490e+00,-1.095903816643171158e+00,-1.464585007529708660e+00,-1.320767949793010265e+00,-1.518236235678790402e+00,-1.607403231615696981e+00,-1.511143697496637239e+00,-1.475279811566683641e+00,-1.466781981754886388e+00,-1.000000000000000000e+00
2.407398740363844714e-01,-1.313301525560993666e-01,1.048434779289854957e+00,1.082375403895954741e-01,-1.493689605789831620e-01,-4.952156962328304046e-01,-4.569712900174818238e-01,-5.063782779830168224e-01,-3.855085928568128262e-01,2.615233278795524585e-01,1.000000000000000000e+00
-3.366135217438281368e-01,1.201539581081551011e-01,-8.467726569755897881e-01,-3.102056777819686695e-01,8.633365475752333151e-02,5.531396437794563470e-01,4.641266067161338715e-01,4.922962772673699083e-01,4.466545037022063847e-01,-1.260263740418394451e-01,-1.000000000000000000e+00
4.977310579925720013e-02,-3.994120363885569902e-02,6.920325533767466286e-01,2.102076157023771430e-01,-2.434445033141170445e-01,-1.414602682681914414e-01,2.645363976009173501e-01,-4.256850934157657002e-03,-2.511790673532068863e-01,-1.890434620651482434e-01,1.000000000000000000e+00
-1.321877981425378268e+00,-1.424527049362228848e+00,-1.057305290006576026e+00,-1.390492783994446979e+00,-1.400321170520363978e+00,-1.460118832800167299e+00,-1.207288099431290451e+00,-1.371787974031001722e+00,-1.450266264569844532e+00,-1.568091528499567344e+00,-1.000000000000000000e+00
1.775931603766482292e+00,1.416284699270088820e+00,1.030743955998407957e+00,1.726306376304411305e+00,1.716700272564878116e+00,1.165157957644228803e+00,9.514080187017224244e-01,1.331315240794161303e+00,1.355206341688818927e+00,1.629443802374530126e+00,1.000000000000000000e+00
-1.192508994636618080e+00,-1.033935479951233249e+00,-1.255363931193291371e+00,-1.247000813012939080e+00,-1.125502901914195775e+00,-9.033254100501096895e-01,-5.869468268892226170e-01,-7.719458321931984557e-01,-9.615856395445052662e-01,-1.447120819179245288e+00,-1.000000000000000000e+00
4.253165584524605802e-01,4.198358641313734152e-01,6.646146670871930784e-01,4.065680882297240117e-01,1.580317537366439928e-01,5.358945323314036058e-01,9.614762228922302256e-01,5.557638931348636291e-01,3.380238287888165383e-01,1.687440475967224573e-01,1.000000000000000000e+00
3.439830996794195350e-01,5.136856091011446357e-02,9.379294495346225391e-01,2.457973372845406734e-01,-4.931628952607726435e-02,-3.328301482579604231e-01,-4.402296483539445138e-01,-3.683692389438066317e-01,-2.541031908051631927e-01,4.441864036369019275e-01,1.000000000000000000e+00
-1.082312924411043431e+00,-9.802353050039478433e-01,-9.465364750036525665e-01,-1.137098220936801685e+00,-9.272047441216209052e-01,-1.192840994497633478e+00,-1.496708667076170896e+00,-1.203019753360496491e+00,-1.098180875240521770e+00,-7.393362293374640126e-01,-1.000000000000000000e+00
5.431301925346703266e-03,4.071619889519912938e-01,-6.629149841370558516e-01,1.690010365567669315e-01,3.404182008469245901e-01,7.698460655080371362e-01,6.296214908784720787e-01,6.984143627458385684e-01,6.746845589193223303e-01,2.160328354266982387e-01,-1.000000000000000000e+00
8.623395848849986500e-02,4.667102909995483606e-01,-6.148192139702876036e-01,3.283570794059992304e-01,5.060120586159263523e-01,8.001262285154706611e-01,5.473478368225200841e-01,7.923211073594764731e-01,8.212503623626831173e-01,2.778045629731443200e-01,-1.000000000000000000e+00
1.757757489834158360e+00,1.504431356934337938e+00,1.117935555479387943e+00,1.726866026017363387e+00,1.860098646049749949e+00,1.422209978575285749e+00,1.191964657708939779e+00,1.481994283049583805e+00,1.562085613889448110e+00,1.679478764569256599e+00,1.000000000000000000e+00
-9.898999046198190266e-01,-6.572781808614690524e-01,-1.307009887836783735e+00,-8.639783865293374499e-01,-8.167128539796179032e-01,-2.899958642299139688e-01,-1.054015638367275694e-02,-3.735619110688572220e-01,-4.797150231504053730e-01,-1.057294880599897180e+00,-1.000000000000000000e+00
3.554105662555856471e-01,5.269351257773313701e-01,-6.564901480597772343e-01,4.786557932842658847e-01,7.933747994168001139e-01,6.769044414637485074e-01,2.894411759712223198e-01,7.294854068020030224e-01,7.989916481372448809e-01,5.342340509236090940e-01,-1.000000000000000000e+00
-1.227711878445955529e+00,-1.140782514935332337e+00,-1.267988451594582733e+00,-1.253185970846396380e+00,-1.121563211891705381e+00,-7.947731297743144685e-01,-5.897430465356450213e-01,-7.314520393299647205e-01,-1.019331835059671398e+00,-1.378742137282562785e+00,-1.000000000000000000e+00
9.103691935171705218e-02,-3.026681913708575977e-01,8.176151314331762121e-01,-1.115308061843170717e-01,-3.742879645505206021e-01,-5.173573182652970726e-01,-2.490060816877794903e-01,-4.923661341719358098e-01,-5.176424099726142369e-01,-2.964705259726093112e-01,1.000000000000000000e+00
2.498043426970553982e-01,-9.259623403233713246e-02,9.776058169694149536e-01,1.395690764434398545e-01,-5.592672060718867355e-02,-4.137662450335668485e-01,-5.193188071927982152e-01,-3.889688593145741446e-01,-3.062270940644902240e-01,3.664339693059248670e-01,1.000000000000000000e+00
-1.259795697519429325e+00,-1.477071983018733325e+00,-9.098671277161430870e-01,-1.425818149110449795e+00,-1.380814267509196780e+00,-1.489283390908970217e+00,-1.559163543568610644e+00,-1.530565185211851587e+00,-1.530230406178557212e+00,-1.432268953727760641e+00,-1.000000000000000000e+00
3.822904888286483560e-01,5.730581815217408170e-01,-6.123903759785965795e-01,3.825235374239923103e-01,7.078924498215671823e-01,7.477899602332888085e-01,4.756166578136215572e-01,7.575508153435003278e-01,8.047641071357211073e-01,3.480082272430123913e-01,-1.000000000000000000e+00
-1.098891320522460191e+00,-8.242660635311915840e-01,-1.237040637681816380e+00,-1.045348826063565273e+00,-9.459069961815272931e-01,-4.720917202054289441e-01,-1.963440575183690862e-01,-4.411114731606369799e-01,-6.141427511012217400e-01,-1.203177388596833097e+00,-1.000000000000000000e+00
1.911494696210161992e-01,-1.962423658621571809e-01,1.089815930877975125e+00,-4.261564806099221725e-02,-2.475219041449145951e-01,-5.592672818668193990e-01,-4.770962589273856636e-01,-6.304499204606675011e-01,-5.012195771086486173e-01,6.681572393732913839e-02,1.000000000000000000e+00
4.352165004320401320e-01,5.715508097878847504e-01,-7.198763088805399946e-01,5.758818581835191130e-01,7.845135996000707213e-01,6.566466167840456780e-01,2.974571004558285159e-01,7.560889248400001206e-01,8.016252041771646519e-01,4.945015441602740869e-01,-1.000000000000000000e+00
1.026115622219410994e+00,1.343666149137662469e+00,1.058932750439004700e+00,1.155199629731771038e+00,1.080988241943697359e+00,1.409376194876267085e+00,1.579993467379032124e+00,1.472190166792858745e+00,1.364064381319726849e+00,1.211489243208095257e+00,1.000000000000000000e+00
-5.953304895850658821e-03,-3.095033367166601934e-01,9.898379580435532343e-01,-2.154925013118408061e-01,-4.507538055319604831e-01,-5.405240973027900520e-01,-2.444238193620275335e-01,-5.646737714529821428e-01,-5.424590981253657462e-01,-2.567024191023378754e-01,1.000000000000000000e+00
-1.204749117238421041e+00,-1.516228461566441421e+00,-9.378806499612243330e-01,-1.312586428855975429e+00,-1.312478606383070012e+00,-1.559944965731694166e+00,-1.688636309896754950e+00,-1.447720874399819779e+00,-1.372414733918785323e+00,-1.175551199775111133e+00,-1.000000000000000000e+00
-1.331709873671164335e+00,-1.283240702761557772e+00,-1.268336320021805408e+00,-1.402822275866228541e+00,-1.274970984335150881e+00,-1.140472335349123734e+00,-7.156772504028253712e-01,-1.029663434359794794e+00,-1.223011541075990527e+00,-1.504283975416250030e+00,-1.000000000000000000e+00
1.884398370623445951e+00,1.595300376332421166e+00,1.061209388148359523e+00,1.759437519280233619e+00,1.909911949331521086e+00,1.418066388116231202e+00,1.206614820890596018e+00,1.450908727535293874e+00,1.518435915614556597e+00,1.759126284570780907e+00,1.000000000000000000e+00
2.575690869827542695e-01,4.464230881313456523e-02,1.024529338490450803e+00,1.934265899394454480e-01,2.439919968880909645e-02,-2.696615304326452356e-01,-4.686533360028771744e-01,-4.834301791618101918e-01,-2.180531549565216665e-01,6.080469668853809573e-01,1.000000000000000000e+00
-7.234232048235591517e-01,-1.401060841564122639e-01,-1.120133202536516492e+00,-5.800430163910811343e-01,-3.392456398197167267e-01,1.401561122258994652e-01,3.910090260200688728e-01,1.786941070978478596e-01,5.470112319899105707e-02,-5.092494959851936454e-01,-1.000000000000000000e+00
3.665741194201008191e-01,5.024758092994714431e-01,6.570477697297553155e-01,4.996052892055074524e-01,1.874259136019698069e-01,5.984691260902049725e-01,9.131889243424495817e-01,5.219274665465918339e-01,3.692887334844127678e-01,2.654777999609316819e-01,1.000000000000000000e+00
3.794079444477137519e-01,1.660694299873025637e-01,-8.536565866744422193e-01,4.589837582769087376e-01,8.271623495308877416e-01,2.226788625233354635e-01,-1.001549644938483363e-01,4.075826932903035549e-01,3.775732245526275399e-01,3.812964516547799332e-01,-1.000000000000000000e+00
-4.632069638940488135e-03,-3.890166085984928523e-01,9.147777303305374419e-01,-1.482815272006328955e-01,-4.493892351575909383e-01,-4.832623067339323342e-01,-2.845667518674444563e-01,-5.943224668425876045e-01,-5.372731829673825787e-01,-2.576834047390438309e-01,1.000000000000000000e+00
7.339364163653643025e-02,-2.530661321627645233e-01,6.802482265745751766e-01,-1.764689026719050702e-01,-3.342581588921035296e-01,-3.531674102153968264e-01,3.885124428114596074e-02,-3.441407272230967429e-01,-4.236125569361405829e-01,-2.858353613891783107e-01,1.000000000000000000e+00
2.495837252008599461e-01,3.414701564305158143e-01,6.345138964399169579e-01,3.685930328852675686e-01,2.406560093694505575e-01,1.706763974567494443e-02,-2.394285049814013633e-01,-7.812359557784039066e-02,3.794552984180198096e-02,8.160624924697398308e-01,1.000000000000000000e+00
1.571274323943258056e-01,5.432303593668218467e-01,-7.324618586340034820e-01,2.784703074620319407e-01,6.584436755737300695e-01,8.027140610070724325e-01,5.291197811772683224e-01,7.901260440656231454e-01,8.094655143662555785e-01,3.295463273389462877e-01,-1.000000000000000000e+00
-1.201719726859600712e+00,-1.594152778020101913e+00,-9.936813781209982155e-01,-1.394646328742835228e+00,-1.309052658626933541e+00,-1.538486678907831084e+00,-1.603982617366425334e+00,-1.498688562438652117e+00,-1.457685202139997749e+00,-1.286289668280270249e+00,-1.000000000000000000e+00
1.843729891873162829e+00,1.665751945111912269e+00,1.282038165259786089e+00,1.711199570775129297e+00,1.818570567478045241e+00,1.590546699954521692e+00,1.483896222147823130e+00,1.613589817402748761e+00,1.709702906374212406e+00,1.752823432516432023e+00,1.000000000000000000e+00
1.809635173825017707e-01,-3.696717964731847661e-01,1.079268855408147543e+00,1.780644717731285145e-02,-2.847422710373079258e-01,-5.946818764831531823e-01,-5.762328042683605434e-01,-6.256892252025335610e-01,-5.279648094080504617e-01,5.993802796399719940e-02,1.000000000000000000e+00
2.478614211088912556e-01,-1.692369295166553378e-01,1.086667839861557683e+00,8.876826378578560328e-02,-2.281649386840580440e-01,-3.896157704883881912e-01,-5.993031693298386253e-01,-5.435480059275363818e-01,-3.573711783340278725e-01,1.656884252432880567e-01,1.000000000000000000e+00
-1.186090787267458868e+00,-1.090471427859613929e+00,-8.000144685357269969e-01,-1.177696971713252383e+00,-1.097529035898303862e+00,-1.219424815582570210e+00,-1.585070274971373872e+00,-1.386739320342162962e+00,-1.113348222026339096e+00,-8.165983916069793347e-01,-1.000000000000000000e+00
1.366770908830154951e+00,1.419498763721897872e+00,1.148725601222072124e+00,1.369197692556649359e+00,1.264796031024049361e+00,1.552255967000746084e+00,1.659298443961106484e+00,1.490851936715326120e+00,1.490839197313119868e+00,1.293456424725363263e+00,1.000000000000000000e+00
-1.185055671042742009e+00,-1.473375949144473340e+00,-9.043413241892958032e-01,-1.327524254204751841e+00,-1.213157472566776418e+00,-1.479825741591728860e+00,-1.556198618007998968e+00,-1.476059895729935345e+00,-1.305779186546796033e+00,-1.210326234078309637e+00,-1.000000000000000000e+00
-1.038902869886150437e+00,-5.356609270031409409e-01,-1.174226806121431821e+00,-8.343228686162336150e-01,-7.666431348635083243e-01,-3.148890020210290963e-01,-4.020989431167442535e-02,-2.251373827369960723e-01,-3.628257133009024082e-01,-1.035658622621407510e+00,-1.000000000000000000e+00
-1.466303238271597920e+00,-1.462567555606645309e+00,-1.203998787848156393e+00,-1.433525005115365403e+00,-1.392589128250044661e+00,-1.271528952704264359e+00,-1.042377184475256291e+00,-1.182786834548766208e+00,-1.334674679938423258e+00,-1.542772681931262380e+00,-1.000000000000000000e+00
2.279689050628071201e-01,3.855527438385921157e-01,8.472064000293192398e-01,4.813725815660089280e-01,2.805802760770946258e-01,3.233557081708929304e-03,-3.009392806035533496e-01,-1.098308798020938698e-01,-2.247059434285040083e-02,8.059104815719319026e-01,1.000000000000000000e+00
-1.051600872993943891e+00,-9.255931238643292369e-01,-1.200937225744189707e+00,-9.710178842621866036e-01,-9.128068011422116879e-01,-5.302948893589966017e-01,-2.228089411163091116e-01,-4.947760371627255016e-01,-7.022918625325299535e-01,-1.298835546699417254e+00,-1.000000000000000000e+00
1.933601216920173560e-01,1.730692703343702510e-01,7.027329240576147829e-01,2.252419045275178833e-01,-3.810961620267930977e-02,1.676599381173279890e-01,5.896737273226797527e-01,2.240464592528293164e-01,6.818819806276700535e-02,-4.356558535615661504e-02,1.000000000000000000e+00
1.784332713096929146e-01,1.421748590443817073e-01,6.109389559347290222e-01,1.429414621710761168e-01,-8.197942610409980624e-02,1.231584404392780663e-01,6.125734341988130494e-01,2.298220068895376889e-01,-2.613970424156392483e-02,-9.100914354500487524e-02,1.000000000000000000e+00
2.071698160504881203e-01,-2.014909406706720529e-01,1.150561422862788952e+00,3.963533694565229970e-02,-1.492407735259141943e-01,-4.629088273546532184e-01,-5.172619011315675586e-01,-5.775051739630855385e-01,-3.756469049642278124e-01,1.914978097245496336e-01,1.000000000000000000e+00
1.319997075058956248e-01,-3.677383071690772942e-01,9.140587435115473669e-01,-1.186656178671571110e-01,-4.216434230698116181e-01,-5.936771839963158603e-01,-5.673117007683698976e-01,-6.541302091724177092e-01,-5.951259005820319636e-01,-1.019736627590883682e-01,1.000000000000000000e+00
1.337452043694041526e-01,-2.760406366840288950e-01,9.913403394941032731e-01,3.051111799383910556e-02,-2.450413702064515309e-01,-5.125430833470248082e-01,-5.333641881080766201e-01,-6.286991002363273573e-01,-4.298727492152529805e-01,-3.754713601179703736e-02,1.000000000000000000e+00
2.063148589038236169e-01,-2.673995697667750915e-01,9.925436211551187382e-01,-5.250924054961361026e-02,-3.392275587313403062e-01,-5.694628330418347595e-01,-5.472018000874538934e-01,-6.845045415712768255e-01,-4.007122649955686122e-01,7.535429572577395652e-02,1.000000000000000000e+00
-3.731097876107198341e-01,7.691900908320181696e-02,-9.379900333537161128e-01,-1.507473055326662981e-01,4.029563840859993508e-03,4.295870143522819151e-01,5.550062185010136151e-01,4.298577738980197127e-01,3.704140028189558120e-01,-7.231642341684398068e-02,-1.000000000000000000e+00
9.557098327647753910e-01,1.326468392521224393e+00,1.031463481638050128e+00,1.069524327883288661e+00,9.787331108262655732e-01,1.331031642816519645e+00,1.668380140235516729e+00,1.305466743963744403e+00,1.256246030761677845e+00,1.011610924493929975e+00,1.000000000000000000e+00
-1.196396586736814038e+00,-1.272055527003193021e+00,-1.139224296975671402e+00,-1.332436209122773052e+00,-1.341176866835723347e+00,-1.142730137672803181e+00,-7.778227060739620891e-01,-1.066980955417870192e+00,-1.138470587656077004e+00,-1.536509962413735719e+00,-1.000000000000000000e+00
3.676982672226972865e-02,-1.842231934993117104e-01,8.321891703882298152e-01,-1.016993258100429703e-01,-2.921876907687144809e-01,-2.788891448075705992e-01,4.164707736871211402e-02,-2.944448005003713620e-01,-4.298623450728724649e-01,-2.057079001111510319e-01,1.000000000000000000e+00
-1.043529853165420684e+00,-7.714556547551837395e-01,-1.169449377919733912e+00,-1.049484208472883484e+00,-9.171634616575023990e-01,-4.547317624623286036e-01,-1.416804235930235745e-01,-4.250751165322729785e-01,-5.420602133283771717e-01,-1.000708250955619549e+00,-1.000000000000000000e+00
1.726772843625034470e+00,1.774925981178248957e+00,1.261720752135322643e+00,1.672500046286770070e+00,1.813690113844113938e+00,1.673701755117170675e+00,1.446255058456849429e+00,1.623529646126525394e+00,1.784814530263659549e+00,1.771187339237900504e+00,1.000000000000000000e+00
4.305000437148017167e-01,5.123232575717411308e-01,7.267021300171861986e-01,4.692009194316699161e-01,2.582094963943859511e-01,6.621114067418060189e-01,1.003367617223912323e+00,5.617544021575072710e-01,4.367090242660947585e-01,2.881259031015144800e-01,1.000000000000000000e+00
-2.898753741523969474e-01,1.298133407984570498e-01,-1.002294975176339253e+00,-1.478585261468454426e-01,-5.471713882375780352e-02,4.418403695863994951e-01,5.329654471475978594e-01,4.393489872258801165e-01,4.177980350573973212e-01,-2.060281764009478656e-01,-1.000000000000000000e+00
9.728677535606851390e-02,-3.322583035261883477e-01,7.847217951512305278e-01,-1.778351426020546022e-01,-3.876350894302978412e-01,-6.221148845986606002e-01,-3.746800847527765876e-01,-5.357169841361320017e-01,-6.276392882706836041e-01,-2.700488466045931624e-01,1.000000000000000000e+00
3.322714438351394295e-02,-2.151671434961618390e-01,8.358914867518061342e-01,-6.763899199094171311e-02,-4.004857598222597015e-01,-3.995325949293584422e-01,1.729319120936035140e-02,-2.674160573769837068e-01,-3.682730893331532251e-01,-1.668587244422196636e-01,1.000000000000000000e+00
1.264119853569294072e-01,-2.603661218015777545e-01,9.925489663361245496e-01,-7.994998660887991590e-03,-2.813349099168530043e-01,-5.865298878756953771e-01,-5.814923696139792098e-01,-6.047900948239340879e-01,-5.008201120135993278e-01,-3.271809359723858862e-02,1.000000000000000000e+00
-5.274752388660784996e-01,1.632690477517831709e-02,-9.489915288591244114e-01,-3.187332956499643322e-01,-8.318771498039637113e-02,3.810885341687179073e-01,4.783742161035574592e-01,4.004643219331423531e-01,3.209070847717306885e-01,-3.284901178743766526e-01,-1.000000000000000000e+00
1.467248073192830432e-02,-3.777969850550634279e-01,9.146052844325605058e-01,-8.051155759647454779e-02,-4.501746890466211126e-01,-5.404076470538725641e-01,-2.530610895404423744e-01,-4.694598135549796214e-01,-5.577527568332093511e-01,-2.698924685093093134e-01,1.000000000000000000e+00
-3.039901383188075012e-01,2.525524950977863226e-01,-7.745915421245855859e-01,4.336041127078144042e-02,2.361959371230969718e-01,6.793541334726932446e-01,4.776899388112874623e-01,5.758517745682147915e-01,5.582321593922612291e-01,2.115630514242479096e-02,-1.000000000000000000e+00
-1.137946801380773421e+00,-7.908882663721866768e-01,-1.205562787192865137e+00,-1.043927650013525055e+00,-9.334526160245532056e-01,-5.641401582255285430e-01,-1.753812124211681645e-01,-4.721401674841136931e-01,-6.843031834463438878e-01,-1.169948854931494475e+00,-1.000000000000000000e+00
1.246700384352667612e+00,1.488535697770560606e+00,1.270293453046948073e+00,1.335407142679615022e+00,1.218316865536023030e+00,1.526603813209407523e+00,1.704597802438750032e+00,1.521167630073829713e+00,1.458107353044401311e+00,1.323165936273636323e+00,1.000000000000000000e+00
2.898973438002207526e-01,5.960785780933569589e-01,-5.604220583408686673e-01,3.819679759527358498e-01,8.018455663086718754e-01,7.069991109781136318e-01,4.825768333832171630e-01,7.315324040541749673e-01,8.565482344767548772e-01,4.752749000884253783e-01,-1.000000000000000000e+00
-1.708427618570984019e-01,3.449981842379415964e-01,-8.922225875185574306e-01,-4.057003627276886681e-03,3.434471255110386201e-01,6.793201441726890444e-01,6.450086607799392358e-01,6.479023134744205104e-01,6.565319882593734224e-01,3.870173336844697637e-02,-1.000000000000000000e+00
3.378233157708074863e-01,-2.506564443032492928e-01,1.169515696350624800e+00,5.328296186203550569e-03,-2.013945460810309118e-01,-5.394052380788869616e-01,-5.866268162527314978e-01,-6.106856622259910772e-01,-5.012857058107236252e-01,7.517288943826289094e-02,1.000000000000000000e+00
-8.510049126577263756e-01,-2.950819257858715572e-01,-1.105149370742482651e+00,-6.352302036163308685e-01,-5.009519819022670850e-01,2.100871457098251599e-02,2.083742048841637773e-01,1.460401951674654289e-03,-1.111876016263353834e-01,-7.026120141313294543e-01,-1.000000000000000000e+00
8.459199476435954601e-01,9.973914547792799290e-01,1.064541945251553212e+00,9.194919731671868934e-01,7.046357856439636747e-01,1.147502367956349412e+00,1.384893179434136146e+00,1.114914897951182704e+00,9.829410867169449117e-01,6.692892415658906469e-01,1.000000000000000000e+00
3.488656605596870408e-01,1.820367832747495362e-01,9.734861599630900697e-01,1.745826692661097412e-01,1.025395836880840794e-01,-2.346743703512407797e-01,-4.290088630343887321e-01,-3.310629222237962965e-01,-2.037876818505106047e-01,5.295272711613708827e-01,1.000000000000000000e+00
4.665821719238723575e-01,2.949302914415470878e-01,-8.126790744427007107e-01,4.036470331067050221e-01,8.765994425929870548e-01,2.287878091564608252e-01,-4.373732552292276116e-02,4.378363688766279682e-01,4.306804678139749543e-01,2.405112799911525434e-01,-1.000000000000000000e+00
-1.297372477998368412e+00,-1.521279581607944076e+00,-1.005411463727262200e+00,-1.401545859211754896e+00,-1.381497042215348747e+00,-1.484204784963872648e+00,-1.496729594409379249e+00,-1.488861331466790450e+00,-1.449118662029134974e+00,-1.366070921996956899e+00,-1.000000000000000000e+00
1.728457558616326217e+00,1.648166588116140918e+00,1.228733863218040900e+00,1.766488034010813335e+00,1.868568604477214734e+00,1.483144286971216363e+00,1.270933919936606982e+00,1.525134043855913557e+00,1.537656919917861575e+00,1.682594631764970483e+00,1.000000000000000000e+00
1.192604473037751411e+00,1.391809892336976828e+00,1.105120709029087323e+00,1.248266053024281730e+00,1.105246413009188577e+00,1.492040203736208159e+00,1.675095503240307204e+00,1.445676760616549705e+00,1.405749833782063529e+00,1.243504566005442236e+00,1.000000000000000000e+00
2.651508833445544444e-01,-1.581931903960335228e-01,1.131360984008890735e+00,1.374885941743248796e-01,-1.323248435546194868e-01,-3.860844983098645766e-01,-4.554028496872010168e-01,-5.074747860213628670e-01,-3.927891896190566778e-01,1.919367865735344403e-01,1.000000000000000000e+00
4.023288186718599335e-01,4.356619188223127548e-01,-7.105351180075019091e-01,4.826798509870731668e-01,8.701132120199880360e-01,4.927039592661073275e-01,1.347034304304949026e-01,6.157208303317905917e-01,6.627530337239101454e-01,4.193902555506016649e-01,-1.000000000000000000e+00
-1.407901189164642020e+00,-1.455749772452958002e+00,-1.214645969485013133e+00,-1.471943879724944670e+00,-1.453530175759668364e+00,-1.366729654324727372e+00,-1.163660065242456021e+00,-1.289352085927775615e+00,-1.387703522791909005e+00,-1.641457889761135380e+00,-1.000000000000000000e+00
-5.939096219696187173e-01,-2.018367603157310286e-02,-1.092428838467831342e+00,-3.985123769896777302e-01,-1.659134479386851768e-01,2.817025722411353739e-01,3.808862971338136671e-01,2.617247135280991177e-01,2.335489776562800213e-01,-3.915294756190144110e-01,-1.000000000000000000e+00
-1.287208244172203475e+00,-1.436698596188418886e+00,-1.062589522016557986e+00,-1.401361697594049716e+00,-1.379790646013408617e+00,-1.516336943996199338e+00,-1.554234470927822631e+00,-1.461774978568380678e+00,-1.467812094608296647e+00,-1.309512235613821574e+00,-1.000000000000000000e+00
-1.220968585854642852e+00,-1.555971832302099234e+00,-9.425574069544647715e-01,-1.338096726673050352e+00,-1.297816789934811865e+00,-1.539546287436792449e+00,-1.543036743084661433e+00,-1.461487461811133537e+00,-1.480329137930668226e+00,-1.303253742929397330e+00,-1.000000000000000000e+00
-1.312485431932429281e+00,-1.374541882884860788e+00,-1.260431468656933784e+00,-1.481692775924263072e+00,-1.384607665155681344e+00,-1.229203466860507188e+00,-9.508469495957116990e-01,-1.130663604334973149e+00,-1.281060244836084161e+00,-1.573887889816346197e+00,-1.000000000000000000e+00
1.019428300597671061e-01,-3.628594188779242780e-01,9.004272561846980993e-01,-5.811376088904680187e-02,-3.380601431558770131e-01,-5.526753358234286484e-01,-4.529153952190770327e-01,-6.015684411778833285e-01,-5.115917096035291767e-01,-1.170861199559072724e-01,1.000000000000000000e+00
7.466937902530455806e-02,-3.667521392498223065e-01,8.490310867307347964e-01,-1.497289033208713538e-01,-3.970677483731132607e-01,-5.857474597526013405e-01,-3.198152484612765134e-01,-5.051739601553256742e-01,-5.508713907654912978e-01,-2.744261041386052424e-01,1.000000000000000000e+00
-1.789392982882018202e-02,-2.827264725208670781e-01,8.644339744101090517e-01,2.163036064703413933e-02,-3.592129084718908572e-01,-3.617402261868006841e-01,-4.249199270692902153e-02,-3.168536809711849922e-01,-4.721464204100673245e-01,-2.854013408459867285e-01,1.000000000000000000e+00
-1.210818821869106943e+00,-1.307168419309010732e+00,-9.628879841365030057e-01,-1.274209279014438589e+00,-1.151609927402686084e+00,-1.392423453610283968e+00,-1.673724542836364959e+00,-1.433378709104167870e+00,-1.281217428526774338e+00,-1.055385654697064801e+00,-1.000000000000000000e+00
1.867803153559280283e+00,1.538364685177704194e+00,1.211331527912869577e+00,1.883708263559961793e+00,1.797233968078135069e+00,1.393181261658521963e+00,1.165262503218638335e+00,1.467263608274134157e+00,1.538748035485052901e+00,1.714803851790799527e+00,1.000000000000000000e+00
-2.407083394094581760e-02,-3.992850448059306889e-01,7.530174007402028469e-01,-8.047131373086807704e-02,-4.375484624784147236e-01,-5.058421241693143999e-01,-2.259457256179762674e-01,-4.986900127123289894e-01,-5.385919160954292240e-01,-2.745082085047141907e-01,1.000000000000000000e+00
-1.071496258136779511e+00,-8.247994936480286254e-01,-1.194113773509842380e+00,-1.011082514095925200e+00,-8.099094457148803272e-01,-9.767439306284028122e-01,-1.291622277903451410e+00,-1.053619970471801448e+00,-9.253464832030160458e-01,-5.783010133290480415e-01,-1.000000000000000000e+00
1.293548588653549609e-02,-3.226845291532812188e-01,9.303633145655177961e-01,-7.943012343388941576e-03,-3.883874317110947993e-01,-3.602394524943912657e-01,-4.358124825013659498e-02,-4.346962582115049822e-01,-4.386562048987854290e-01,-3.562407558432663657e-01,1.000000000000000000e+00
2.828747986936279712e-01,5.187378784684348876e-01,-5.291424907443409431e-01,3.697692745312465279e-01,6.039253281984079402e-01,7.650897635345886849e-01,4.903939020859553466e-01,7.743991307536420843e-01,8.178166181963213432e-01,5.410694820251114034e-01,-1.000000000000000000e+00
1.777436851546678964e+00,1.574947071660492304e+00,1.102992241757798419e+00,1.764407675577444490e+00,1.851420176339805490e+00,1.350007742030639113e+00,1.092009155689097621e+00,1.457741885893630407e+00,1.453905946887701139e+00,1.702957856758753996e+00,1.000000000000000000e+00
-1.455003932540112288e+00,-1.313584253436964389e+00,-1.349250219694791753e+00,-1.320494793331341787e+00,-1.299143637700467924e+00,-1.110693930075365765e+00,-8.867212428719279949e-01,-1.033652609420398605e+00,-1.190896193930524261e+00,-1.430079083576064392e+00,-1.000000000000000000e+00
3.423100994425670729e-01,-1.286143807207089096e-01,1.162419243904854405e+00,1.325531244797902297e-01,-1.759810959122486695e-01,-3.762509651328036497e-01,-5.561462824416276707e-01,-4.962852407658595033e-01,-3.493735193413388118e-01,2.096942711423129546e-01,1.000000000000000000e+00
1.861902567190756530e+00,1.656471233572231361e+00,1.290415983075644535e+00,1.755871135408145323e+00,1.815806234294871313e+00,1.547165404693426005e+00,1.425131774160801612e+00,1.622334246601616847e+00,1.660645991923324960e+00,1.695950641355195021e+00,1.000000000000000000e+00
1.892057047767873090e+00,1.601540013163867959e+00,1.119282741925541558e+00,1.776050674132927387e+00,1.779063637662858799e+00,1.417960414266768332e+00,1.136680383748769563e+00,1.525447223384413409e+00,1.591390465663162335e+00,1.666897193806710309e+00,1.000000000000000000e+00
2.135666654201967551e-01,5.711650099836200756e-01,-6.735760801333683379e-01,3.936879305142277352e-01,7.314204722172271689e-01,7.051529541731392792e-01,5.264382894577629424e-01,7.117136985973467889e-01,8.746103316972549946e-01,4.774932615719226781e-01,-1.000000000000000000e+00
1.695372405897489054e+00,1.709278495433328882e+00,1.387487660141772938e+00,1.734119787148585834e+00,1.715600765709002884e+00,1.696519851423118119e+00,1.634030804497902611e+00,1.673385519736212412e+00,1.743397891110094022e+00,1.723589105725414017e+00,1.000000000000000000e+00
1.864677270598767755e+00,1.399027963756762638e+00,1.083309677007028293e+00,1.764835622260194192e+00,1.778505367822923899e+00,1.113564467605588026e+00,9.057741644862729036e-01,1.289403999722370298e+00,1.359947586407362685e+00,1.600794361559159995e+00,1.000000000000000000e+00
1.447566327405046094e+00,1.706474500111574200e+00,1.113900694946313275e+00,1.593034308947978817e+00,1.478741455597053056e+00,1.766291198499311932e+00,1.664155127350554597e+00,1.616458123831938654e+00,1.666788409472356403e+00,1.527129239656598525e+00,1.000000000000000000e+00
-1.406842689507053601e+00,-1.420509778757790942e+00,-1.320211682844306678e+00,-1.429646103719635297e+00,-1.354994057427445275e+00,-1.252282826814711481e+00,-9.056735942716017673e-01,-1.076896447022994918e+00,-1.263622043443423770e+00,-1.489664093451616766e+00,-1.000000000000000000e+00
1.100341828182875403e+00,1.522006264626333705e+00,1.197684258660965506e+00,1.342205068829638970e+00,1.164194929302785564e+00,1.577841830270931389e+00,1.728948099254422166e+00,1.447893765358335028e+00,1.466100465103757911e+00,1.317174169017446772e+00,1.000000000000000000e+00
2.857038133001013613e-01,5.427955334201610693e-01,-6.315075638121786517e-01,3.577025723230876642e-01,7.331969256623311892e-01,7.234960433407071623e-01,3.633470616172169154e-01,7.892324923476879972e-01,8.237607481754812833e-01,4.680477728968526763e-01,-1.000000000000000000e+00
3.290113649972055132e-01,4.685864898611501461e-01,-7.660681457522078297e-01,3.411872960463406268e-01,6.410008656225770762e-01,7.022562375666038248e-01,4.408537537591722955e-01,7.227408844393877763e-01,7.702811836159240144e-01,2.953064619332378404e-01,-1.000000000000000000e+00
-1.043925800092652567e+00,-6.908993046692948337e-01,-1.352654535466512264e+00,-9.592175426427773655e-01,-7.678658177751810365e-01,-4.397989386624710506e-01,-1.926303672012824875e-01,-3.746592111819546655e-01,-5.488767578600760588e-01,-1.124827715764684433e+00,-1.000000000000000000e+00
-1.159527253457156792e+00,-1.010945115540880623e+00,-1.042904852943038696e+00,-1.046519459922257145e+00,-9.103155844609260861e-01,-1.174243977897440727e+00,-1.586486552017361884e+00,-1.193341921345613121e+00,-9.634360548431326610e-01,-7.327994773000623407e-01,-1.000000000000000000e+00
2.263908255887213672e-01,3.722889415168584848e-01,6.665641970465786548e-01,3.585211500666466988e-01,8.813213264384762990e-02,3.611704757315544745e-01,8.388345441818424453e-01,3.844079240147731391e-01,2.750383122733429109e-01,1.150708095131059289e-01,1.000000000000000000e+00
4.276853510157162530e-01,2.313712269802768173e-01,-8.317232047608076329e-01,3.450539709413367184e-01,7.484327291282930616e-01,1.850349761457060482e-01,-2.029694886585379776e-01,3.629020361545327034e-01,3.520204526143543289e-01,2.168989152599316850e-01,-1.000000000000000000e+00
-2.581717745203348374e-02,-3.611068501031413081e-01,7.322049338436152910e-01,-1.232027432705570941e-01,-3.573744958779098146e-01,-5.795508199303488484e-01,-1.932329236161602071e-01,-5.033715711880639709e-01,-5.505750856977112973e-01,-2.345666648548438149e-01,1.000000000000000000e+00
2.109388252937560715e-01,7.291496913282330405e-02,7.273011911720991263e-01,1.632936352065703645e-01,-1.368100783988472624e-01,3.122110024277814991e-02,5.340575616429903416e-01,6.338826578782535970e-02,-1.258734588272169275e-01,-9.313932475490263596e-02,1.000000000000000000e+00
-1.363044123544955077e+00,-1.514009628446151501e+00,-9.458857785805871998e-01,-1.441834663404096162e+00,-1.401154722358574301e+00,-1.503982470595965681e+00,-1.575546444286123782e+00,-1.523374126510633086e+00,-1.426875107341816884e+00,-1.444661417040439266e+00,-1.000000000000000000e+00
3.788048924159621023e-01,5.480416466948350163e-01,-7.469449670361828497e-01,4.525559725532162236e-01,7.819652375277972300e-01,7.429745007048720318e-01,3.743528914896047666e-01,7.470802864533855336e-01,8.202092187973747395e-01,5.165143907917675303e-01,-1.000000000000000000e+00
-1.314511622003764035e+00,-1.104892401146239544e+00,-1.108558796475896724e+00,-1.260890756171735072e+00,-1.207906233302427745e+00,-9.480110376679711237e-01,-6.373358037824197186e-01,-8.743978876336508943e-01,-1.126125351842809597e+00,-1.488182072172587578e+00,-1.000000000000000000e+00
-1.075220155307879955e+00,-1.306226127192597675e+00,-8.993811817848855750e-01,-1.237983572030268098e+00,-1.282284512900287998e+00,-1.297339312838644565e+00,-1.671756796385601263e+00,-1.404503036692404949e+00,-1.247176291714187091e+00,-9.887890125237216443e-01,-1.000000000000000000e+00
-5.266925438336943488e-01,3.339144053517186655e-02,-9.412280634796424961e-01,-3.119629683525799724e-01,-9.799084884442089971e-02,4.562455104407371342e-01,4.691400973791457485e-01,3.795919452727083421e-01,3.704269480364231759e-01,-2.563015047418666370e-01,-1.000000000000000000e+00
2.754456540794385511e-01,-1.291319615901398710e-01,1.149140273094264808e+00,1.075186179975698847e-01,-2.101405930463709770e-01,-4.659511902989402210e-01,-5.262769419294763829e-01,-5.712973937982260830e-01,-5.307079857825485192e-01,7.053710772281615582e-02,1.000000000000000000e+00
2.899952811731592028e-01,5.805106478506687484e-01,-7.022768080007603109e-01,2.832761346484315990e-01,6.870311791743172192e-01,7.118401795502848906e-01,4.965974443914817904e-01,7.575875961117979340e-01,7.964272928106279625e-01,4.139877377104563827e-01,-1.000000000000000000e+00
-1.369187695582862130e+00,-1.609318925579579451e+00,-1.082717393829769170e+00,-1.505694842216047880e+00,-1.400628476878853501e+00,-1.509128345611794098e+00,-1.390927683545426063e+00,-1.581707593556240798e+00,-1.478908759892810343e+00,-1.529538566320366888e+00,-1.000000000000000000e+00
4.838151341398854721e-01,2.926266175616896725e-01,-8.848914021902147820e-01,4.155466006490953768e-01,8.138648522137663655e-01,1.932181693056806704e-01,-1.229296649108142653e-01,4.152631359523952237e-01,4.321319663625819985e-01,4.041387863031167815e-01,-1.000000000000000000e+00
3.931486747946782989e-01,2.083963090836563337e-01,9.653605037796428867e-01,3.029117727872475130e-01,2.652802070527953901e-02,-1.770757278752208563e-01,-4.166884148522431719e-01,-2.930126771308892430e-01,-1.120830287935653258e-01,5.470563606456264605e-01,1.000000000000000000e+00
-4.296374304149598311e-01,1.107294911805340037e-01,-9.610501090874248309e-01,-1.873584206411414710e-01,-2.353092713237844857e-02,4.846236619398658352e-01,4.624644192856486313e-01,4.501691838382407829e-01,3.375660614590590969e-01,-2.778373454168103218e-01,-1.000000000000000000e+00
1.916431022006348739e+00,1.669678482172401113e+00,1.139961440852961694e+00,1.883217386162299611e+00,1.928543361070933715e+00,1.496274523101129628e+00,1.322285468614802895e+00,1.512488704702519948e+00,1.639792054080120964e+00,1.769981571786808594e+00,1.000000000000000000e+00
1.624419196970029455e-01,3.733545947408842824e-01,8.245735555841231523e-01,1.963213417600928601e-01,3.295029064839821720e-01,1.947674213861972162e-02,-2.811621154269055012e-01,-6.979057156721175936e-02,4.282540051538231973e-02,7.121689108006631352e-01,1.000000000000000000e+00
-7.023780642232965166e-01,-3.575179810288326987e-01,-1.148403790241262934e+00,-5.938398057047353795e-01,-5.255603392260255191e-01,2.953124423331833243e-03,2.141584966084689734e-01,3.285629570150298828e-02,-8.775347698540390817e-02,-6.930213810508587535e-01,-1.000000000000000000e+00
1.195509484415615553e+00,1.417282455419795806e+00,1.096303729869559707e+00,1.314038846477116440e+00,1.204772770509820123e+00,1.488052241926033137e+00,1.689889710596435890e+00,1.459860625310299032e+00,1.365229130714606720e+00,1.169434641371444483e+00,1.000000000000000000e+00
-1.341076849462834897e+00,-1.554579360094925811e+00,-1.077772513846441127e+00,-1.472827323930256727e+00,-1.405593508354506582e+00,-1.477252194134107022e+00,-1.282927128555555019e+00,-1.385732811032493794e+00,-1.432185824257086404e+00,-1.500092259368311032e+00,-1.000000000000000000e+00
1.774107014196975696e+00,1.740121804951426210e+00,1.215283789164327555e+00,1.761991808288080774e+00,1.787216872629664222e+00,1.697835586818725373e+00,1.462446439796382780e+00,1.576207168881454068e+00,1.774440893899650318e+00,1.800777510783268198e+00,1.000000000000000000e+00
-1.219292791549326793e+00,-1.494926650411301683e+00,-9.198054918233674604e-01,-1.374862170664654659e+00,-1.356216101852488976e+00,-1.484927469766324171e+00,-1.583807227993652811e+00,-1.506260715454867727e+00,-1.435385020475302698e+00,-1.299786358146443277e+00,-1.000000000000000000e+00
2.410809039727209724e-01,5.705552390888078973e-01,-6.258174981031061623e-01,3.128028509483077313e-01,5.482104747472099637e-01,7.306224672842462908e-01,5.526913622518218050e-01,8.194758965332502587e-01,7.757627068723620400e-01,3.674082569143928279e-01,-1.000000000000000000e+00
-1.128859672535916125e+00,-9.481373871896109362e-01,-1.363077421929572486e+00,-1.039456979759794564e+00,-9.035943895133334847e-01,-6.542982453864107928e-01,-3.156363226679025358e-01,-5.424100549321193565e-01,-8.418431921610574076e-01,-1.209263194562650412e+00,-1.000000000000000000e+00
-1.163903109491475352e+00,-1.112913407126359999e+00,-8.548993540834396443e-01,-1.095906642856366409e+00,-9.468006233013704920e-01,-1.216257706808433925e+00,-1.597923260824495539e+00,-1.305065057567461162e+00,-1.119750224097832536e+00,-8.018030120869872324e-01,-1.000000000000000000e+00
5.190317375010620182e-01,5.152315293675394647e-01,-6.029980247619757261e-01,4.514618161835945997e-01,7.660136361880389710e-01,6.700159654939029652e-01,2.702235823524686831e-01,7.106166244764514639e-01,8.061046821091933934e-01,4.279448854363769872e-01,-1.000000000000000000e+00
3.865573627685401359e-01,4.298142714536660747e-01,-5.406781318123948799e-01,4.368836236817238983e-01,8.587663982204986057e-01,6.450859502043468918e-01,2.847638462537424031e-01,7.466584710943742209e-01,7.471765713072775483e-01,4.184020049592320767e-01,-1.000000000000000000e+00
3.499107274433253534e-01,2.061770963142829094e-01,1.030184106861083748e+00,2.814974128219904226e-01,1.124117590752164303e-01,-1.226349802930397082e-01,-4.045836528305929436e-01,-2.579512834814085553e-01,-1.150522770423169500e-01,7.195082393593336123e-01,1.000000000000000000e+00
2.901619811711892982e-01,1.078173585972337922e-01,9.284428362804834078e-01,3.549559157959041311e-01,1.026443029329914512e-02,-1.633690864505916995e-01,-4.636200146412090550e-01,-3.304003855018918245e-01,-1.641959261451969299e-01,5.252046049859430132e-01,1.000000000000000000e+00
1.029062505947645034e+00,1.189211441464155028e+00,9.144532752336634873e-01,1.027576899116479536e+00,8.311651406654141372e-01,1.280667215300456130e+00,1.478851170462726738e+00,1.223042383396229615e+00,1.161668770820964536e+00,9.144440288095588842e-01,1.000000000000000000e+00
1.279645140552220894e+00,1.445534272280981414e+00,1.112102820702733030e+00,1.312188455510460816e+00,1.232436598749325984e+00,1.588636909031906130e+00,1.621871605987194265e+00,1.475699901010173454e+00,1.438767106109226201e+00,1.210899214834182613e+00,1.000000000000000000e+00
-1.255688998599319151e+00,-1.033821005671277771e+00,-1.382298639622142167e+00,-1.196179744364080255e+00,-1.087006611195563188e+00,-8.032020253310707680e-01,-4.266224940948658007e-01,-7.580527713734415141e-01,-8.839839743109442205e-01,-1.273289403251709251e+00,-1.000000000000000000e+00
3.521663022750651240e-01,2.124794071740219170e-01,-9.751632313958581433e-01,4.039818948992092151e-01,7.207926975517974233e-01,2.303697591239267095e-01,-1.353453924711329470e-01,3.797354748499263688e-01,4.506278221840908649e-01,2.334147819164218152e-01,-1.000000000000000000e+00
3.059842295686039382e-01,-3.427736003366468193e-02,1.028273143077569785e+00,7.203916789673039944e-02,-1.305140700310456758e-01,-3.966317547283603751e-01,-5.233370762869727910e-01,-5.111650415294409777e-01,-3.016085117030306573e-01,2.937348090386516786e-01,1.000000000000000000e+00
-1.163600333363740136e+00,-1.117658892769817447e+00,-9.909745483702062652e-01,-1.110897837616770190e+00,-1.036402569972940890e+00,-1.158491439307751225e+00,-1.568172682693539155e+00,-1.232829817609424117e+00,-1.083881481703163452e+00,-7.612182770616935379e-01,-1.000000000000000000e+00
3.365046970061673637e-01,3.780987016571759063e-01,7.471655343579581832e-01,5.138487431429739072e-01,2.613166699197823628e-01,4.512176162373158356e-02,-2.557437701014411702e-01,2.447840549919224479e-02,5.075411663210615404e-02,8.135628198823624535e-01,1.000000000000000000e+00
-6.494203643747595844e-01,-1.533053591381943782e-02,-1.050471183157474231e+00,-3.290866288725983191e-01,-2.260756720221080707e-01,3.607831754121607615e-01,4.675299580109105180e-01,3.821754461766559974e-01,3.370657830664857690e-01,-4.508181213885698591e-01,-1.000000000000000000e+00
-1.295063332804739398e+00,-1.052715262649915440e+00,-1.262993071146126134e+00,-1.151645608120897668e+00,-1.140435010748592992e+00,-7.783459056866226522e-01,-4.954962611339049361e-01,-6.670372664915165117e-01,-9.100203827475975560e-01,-1.354613393585884173e+00,-1.000000000000000000e+00
-1.057079480144477834e+00,-1.282107305716293055e+00,-8.245886146467088507e-01,-1.212111654839590491e+00,-1.124994243109785685e+00,-1.441056745987554066e+00,-1.593270910541672691e+00,-1.399021989257736465e+00,-1.301886173063925511e+00,-1.028968397004821123e+00,-1.000000000000000000e+00
-1.053285801302368485e+00,-1.097016659356777613e+00,-1.092144688582441514e+00,-1.144492527273749838e+00,-9.696718347437301988e-01,-1.259485237185649087e+00,-1.577833066500664350e+00,-1.269927928493938873e+00,-1.089082652645928961e+00,-8.677426132751515642e-01,-1.000000000000000000e+00
-1.183256638879494060e+00,-1.039954141433250490e+00,-1.279626947373372348e+00,-1.148783286336826803e+00,-1.156403553201817314e+00,-7.409078999820478684e-01,-5.520019384759942138e-01,-7.267167473222376772e-01,-9.318949066910920953e-01,-1.311953788297383516e+00,-1.000000000000000000e+00
-1.033411191319077993e+00,-7.985742619512806728e-01,-1.212797869530678696e+00,-1.051000684547301223e+00,-7.393741741183826877e-01,-8.940199705857743151e-01,-1.360408900255189790e+00,-9.410829851278950109e-01,-8.631740520210563483e-01,-4.408600673762904099e-01,-1.000000000000000000e+00
9.276139387379771506e-01,1.136970957525502035e+00,1.036998899867164425e+00,9.391648289866612043e-01,7.678656576681915924e-01,1.206199262300137409e+00,1.537431393753264208e+00,1.183310756018609133e+00,1.074340386687557380e+00,7.476030465416088067e-01,1.000000000000000000e+00
-1.200038831731879529e+00,-1.430185252914941252e+00,-8.491791928263348055e-01,-1.311247233915525445e+00,-1.341650903073486445e+00,-1.498538075281820925e+00,-1.573238213743051395e+00,-1.565273769592138597e+00,-1.417475977218213057e+00,-1.331430169355109383e+00,-1.000000000000000000e+00
1.863971411493885233e+00,1.608425327114457737e+00,1.282808728224402062e+00,1.737297947993951430e+00,1.928184679610934760e+00,1.593347832338836145e+00,1.365909368471634133e+00,1.535048932276592115e+00,1.682117537760027925e+00,1.792821276493049343e+00,1.000000000000000000e+00
-1.105173712919062634e+00,-7.631643832996269916e-01,-1.170338581418322699e+00,-8.158262713726421866e-01,-8.185392214926858756e-01,-3.506906788772495842e-01,-1.105842243816713977e-01,-3.649968279065305410e-01,-5.221285015894548964e-01,-1.054862682788633821e+00,-1.000000000000000000e+00
9.084837725569936406e-01,1.040463766490334674e+00,1.000809731054954854e+00,9.326614773199276565e-01,7.825597453746280241e-01,1.199604804724450080e+00,1.425334608082721388e+00,1.186070592995516870e+00,1.033821009770545363e+00,8.519088964829796273e-01,1.000000000000000000e+00
-1.384995646900103905e+00,-1.441118830870218970e+00,-1.162843949352678985e+00,-1.399496044918730364e+00,-1.436522924486370867e+00,-1.253915636881114848e+00,-9.165551809088949842e-01,-1.108854082308110778e+00,-1.257453825054263730e+00,-1.643157937382299094e+00,-1.000000000000000000e+00
2.659299799661232755e-01,5.211490449906148736e-01,-7.149655164806200114e-01,2.138531791527771286e-01,6.602210593090275248e-01,7.994511039839599098e-01,5.850943703385785843e-01,7.675165092924820520e-01,8.813516619211665404e-01,4.253178360603908081e-01,-1.000000000000000000e+00
3.372472273249809693e-01,5.612398127212568921e-01,-7.552773927645403118e-01,3.350933335664216250e-01,7.134807718615925332e-01,6.965695292996784138e-01,3.577350813436048216e-01,7.068194051637101127e-01,8.210401701205256586e-01,4.516136009355916636e-01,-1.000000000000000000e+00
-1.189815448992938007e+00,-1.088482122178317857e+00,-9.242586600463155166e-01,-1.101972073750647318e+00,-1.107714599415101420e+00,-1.369155923570827937e+00,-1.602154432823741370e+00,-1.357763475944089970e+00,-1.276752251131825444e+00,-8.796966257926683852e-01,-1.000000000000000000e+00
