-8.377756671884249329e+00,3.127202415022701132e+00,6.832502066823288978e+00,-2.694630215796744555e+00,1.397429132318635858e+00,1.344473129187037097e+00,-6.791140515353185636e-01,-3.787331507109741313e+00,1.945220643967781049e+00,4.094606523041515733e-01,1.000000000000000000e+00
5.927829038750764390e+00,-3.201964443458095722e-01,-4.827447647431144517e+00,-2.912839222910503345e+00,-9.775476183719677969e-02,-2.781836607151908947e+00,-4.187964894434243135e+00,3.077091302357096159e-01,3.093528582723918952e+00,-2.136403957259564557e+00,-1.000000000000000000e+00
1.509105708493414966e+00,-3.302276379413198182e+00,-4.675639026364508233e+00,6.228407994996003616e+00,-7.334706145038607517e+00,1.979943261644345975e+00,-1.008792473259707556e+00,5.380008863800075369e-01,-4.096263602527447922e+00,1.262422271002215268e+00,1.000000000000000000e+00
-2.835946319790075609e+00,-7.265457049870081896e+00,-4.159786319285097456e+00,4.357048547273628891e+00,2.961590080041258677e+00,-1.737277672304414766e+00,1.134167904577277453e+00,2.121060770519934469e+00,9.112467044860633747e-01,1.437306536054034467e+00,-1.000000000000000000e+00
-3.862472349449805886e+00,9.531849849946573139e-01,-6.381400416931984232e+00,2.062520540372645428e-01,3.422038561730284201e+00,2.507078712732818127e-01,1.276404356548149988e+00,1.123865431193016295e+00,3.927956374089215164e+00,-3.005593453030323214e+00,-1.000000000000000000e+00
-2.662990173760635404e+00,-9.219881177466194844e-01,-6.201551279433521913e+00,1.118549585337842522e+01,-2.437043951714716883e+00,-5.617791373481859196e+00,1.352789565201493460e-01,2.611334562186466091e+00,-5.137484162430607793e-01,1.680957891275683735e+00,1.000000000000000000e+00
1.033029753313301846e+01,-1.318297432395935109e+00,-1.601474847819884140e+00,7.582780975295785098e+00,1.612330229270380499e+01,3.135675985066653570e+00,4.616027296405362357e+00,-9.514496608618793871e+00,-9.175439075839486591e+00,-1.012887486754996580e+01,-1.000000000000000000e+00
-5.950002431543581771e-01,6.877100762699626113e-01,-6.642078135707818021e+00,-1.174499275788645658e+00,2.530298351858829342e+00,2.280412088950352079e-01,2.953400008729697990e-01,-1.181112791936432149e+00,2.415280577972679144e+00,-4.605549975838463261e+00,-1.000000000000000000e+00
8.748641271738097913e+00,5.160433934753791085e+00,6.959225762021623574e+00,-1.184589391335756137e+00,5.290423081546296480e+00,-6.467923196555215526e+00,-5.521809561324240612e+00,5.317658231718190187e+00,-3.080247098129051952e+00,-1.960966673977350583e+00,-1.000000000000000000e+00
-8.383862316095596512e+00,6.386209522432945818e+00,3.158073873506388463e+00,3.759993887998470008e+00,3.801360730372142616e+00,-3.337777460395565665e+00,4.044559230801566763e+00,-7.984594413494241927e+00,4.241180246775428930e-01,4.630257833711684867e+00,1.000000000000000000e+00
5.652097784676405112e+00,5.327941383522537322e+00,-3.855086580954266484e+00,1.128327462613990129e+01,5.361676938409767335e-01,-6.064336892897872922e+00,-1.063998318022328693e+00,-2.590928964115262190e+00,5.928854409222518440e-02,3.107631619936014111e+00,1.000000000000000000e+00
-1.252905354341123179e+01,8.028168970334709442e+00,2.522529635380305724e+00,3.791056173893258663e+00,5.268210289490049547e+00,-6.462485130719846538e+00,6.161779928920361193e+00,-7.513747651427038043e+00,-4.825441216150405666e-01,4.824846071528981817e+00,1.000000000000000000e+00
-6.632880921697932586e-02,-2.142841744406842608e+00,-7.756504638459683854e+00,-9.901315871894462717e-01,4.400819900710604138e+00,1.697547299504605478e+00,5.527261973424912878e-01,3.030506030000560957e-01,4.629353526871804014e+00,-1.498157254753702761e+00,-1.000000000000000000e+00
2.003300925576865232e+00,-1.228783198824844103e+00,-4.146881346435592697e+00,-6.136149019726806486e+00,8.639813056690839321e-01,3.124668411552465219e+00,-8.471178673925524594e-01,-2.805397553402164124e-01,1.615858944288947940e+00,1.113427473179708693e+00,-1.000000000000000000e+00
4.720143784909108575e+00,4.526891538946049565e+00,-2.919613825101235349e+00,2.524757111273684185e+00,-3.967921905233604107e+00,1.504246395191761509e+00,-4.083425461683534152e+00,-5.702278728966759580e+00,-4.504309668280779277e+00,-5.201222563013078393e+00,1.000000000000000000e+00
-1.400346918205514379e+00,-5.734398273728992912e+00,-4.823083186879705053e+00,1.125954705102056100e-02,6.400422397511490225e+00,-4.052232880543490623e+00,-5.263099048023426318e-01,2.078932144772125845e+00,5.517035732611465626e+00,-1.211372516700752078e+00,-1.000000000000000000e+00
6.846765458436226304e+00,-2.363814538136762289e-01,-5.260631956242542095e+00,-3.049777419905670417e+00,4.928747936504447869e-01,-7.702199668083312467e+00,-3.606019506440719669e-01,-5.508547340568328288e-01,2.883447703705758869e+00,2.090450925373583235e+00,-1.000000000000000000e+00
-2.972860686241181050e+00,-3.443376263134445558e+00,-5.919082277758668909e+00,-9.301100971590093858e-01,6.359842017554137250e+00,3.124217044772025886e+00,4.777437663112165112e+00,2.387872554457663998e+00,-4.666422672168184516e-01,-1.780712465697059876e+00,-1.000000000000000000e+00
3.973110267790208816e+00,1.773255975654945971e+00,-2.793334164599004410e+00,-5.613725253657514180e+00,3.033885269792360173e+00,-5.077188050101248962e+00,4.855147216242211017e-01,1.917208761564590080e+00,3.439219581619181731e-01,-5.053880611884455920e-01,-1.000000000000000000e+00
-2.417983283522957549e+00,5.534581125790574596e+00,-5.350284417167377349e+00,-3.413742654491052075e+00,5.390445824466674196e+00,2.993513538234491289e+00,-9.714244170617394314e-01,-1.535025495247366978e+00,3.747322804010652764e+00,-3.661695715977306254e+00,-1.000000000000000000e+00
-2.934149599461640889e+00,-6.862720939939762843e+00,-8.436862892890647503e-01,-4.349696835921770699e+00,8.761935901750672606e-01,3.881408004063873207e+00,4.308174329917442869e+00,2.319548066331945879e+00,1.065408864077175943e+00,1.144571797063523411e+00,-1.000000000000000000e+00
-4.665813881405219021e+00,-9.864579127347669285e+00,6.484590429326833494e+00,-3.218063053442981047e+00,-1.344893753576300366e+00,1.464193331115453134e+00,-4.947459329374165549e+00,5.001544253275074681e+00,4.915335906995735193e+00,3.554742559835128435e-01,-1.000000000000000000e+00
-7.224058879100668129e+00,5.326017885109833649e+00,-6.712150097525286796e+00,5.417609969955634597e+00,-5.529955733530851347e+00,-5.317918043421802743e+00,2.171556096650080647e+00,-9.413540450326820519e-01,1.646575948896403352e+00,-2.098233618924812305e+00,1.000000000000000000e+00
-1.338292345602303923e+00,-1.675912774560858187e+00,-6.296602642020832974e+00,-2.519266797487141663e+00,2.226816867020031676e+00,-3.393973110097055379e+00,2.840691663128049438e+00,2.139184945162564411e+00,2.653930103111703964e+00,-1.863251209499013239e+00,-1.000000000000000000e+00
-5.040265191592903093e+00,5.787335299317096116e+00,-4.073106895575763886e+00,1.583900076703006254e+00,-8.174766044218936267e-01,-4.337098648439113191e+00,-2.044328409621483988e+00,8.750329166254046387e-02,3.174934946474345043e+00,-2.366446867522696174e+00,1.000000000000000000e+00
-1.462461785768853550e+00,1.118337077102123711e+00,-4.958892355872032809e+00,-1.857739995551233037e+00,-5.995447452377952180e-01,3.069477742796101194e-01,-7.357736088187344370e-01,1.596657855975043505e+00,1.855571831286100259e+00,-6.002908206970119842e+00,-1.000000000000000000e+00
6.686451184510667112e+00,-6.323276767246184704e+00,4.771227594371719727e-01,-4.965949168521249568e+00,3.170951896876529119e+00,-6.590651908804974646e+00,4.136189380187068387e+00,2.340345448660353433e+00,-2.700395798154741067e-01,2.504488401675981191e+00,-1.000000000000000000e+00
5.780285024634101099e+00,-1.239983181210659202e+00,1.655295315696422076e+00,-6.721156890903031034e+00,-4.598289008937474165e+00,-2.021542136177216786e+00,-1.220921018887732412e+00,-4.669621062704558123e-01,-1.967214151327691063e+00,8.770636078356397469e-01,-1.000000000000000000e+00
-6.065685363469063951e+00,1.292669216186120851e+00,-3.141369676502041575e+00,3.491571056535460293e+00,-4.193497584681510126e+00,-1.810283083852033181e+00,1.957037816948971276e+00,1.576806343815750022e+00,2.967844801648453767e+00,-1.430446945387108704e+00,1.000000000000000000e+00
-1.866961475632149314e+00,-5.610476724095970980e+00,-6.754208868490251483e+00,2.176641700934105916e+00,5.252619208620552094e+00,6.863887257357516036e-01,1.612467791695002761e+00,1.496227057237712543e+00,2.546232765810491738e+00,-1.801932535628341103e+00,-1.000000000000000000e+00
1.664303778214673013e+00,5.679426555857032266e-01,1.374749987441184151e+00,-7.794703926404070060e+00,-4.086094451026630381e+00,-1.360598084066250824e+00,2.114996471250789156e+00,-6.358142336203942424e-01,-1.323836212283174163e+00,3.725764533575013360e+00,-1.000000000000000000e+00
-8.851542376907101328e+00,3.275544248856674390e+00,5.893351449712903367e+00,-3.289318099395114103e+00,1.372705916041172314e+00,1.016601100773380922e-01,3.073041943424846156e+00,-2.856123106306061032e+00,-2.422056843870915799e+00,3.331392210921263697e+00,1.000000000000000000e+00
-4.849044406548784991e+00,-3.256986041519932318e+00,1.653636884495980786e+00,2.351533716038148203e+00,-3.080240033152114254e+00,1.595046581081215331e+00,-3.230895611153786096e+00,5.139522538866756918e+00,-5.120260548951520718e+00,-2.278672641313589153e+00,1.000000000000000000e+00
-1.127258770249276676e+00,5.279196442152929158e+00,-4.767808547984126122e+00,3.044272128883790618e+00,-5.443525069529981941e+00,-4.029833971349025212e+00,-7.300766028853238332e-01,-2.281885794883841412e-01,-5.505705283554470642e-01,2.310782594365315745e+00,1.000000000000000000e+00
-8.396626512081848404e+00,-4.110875855483734576e+00,7.196948844052728944e+00,6.049013986413995791e-01,-6.027287829913399619e+00,3.969849354457185342e+00,-6.279084718747701466e+00,7.140168937798105020e+00,1.683995505536947102e-01,-3.925962381176121951e+00,1.000000000000000000e+00
-3.407178919201586442e+00,4.599953460303377040e-01,-6.740816983983696220e-01,-6.812635393376860193e+00,6.058420900666252606e-01,3.487305106915510766e+00,4.027285121553052960e+00,1.184283206090093854e+00,9.711052211367235953e-01,-1.291248615791291687e+00,-1.000000000000000000e+00
-3.149059678326563194e+00,-4.333914602689851847e+00,3.087970994394399149e+00,-3.320037186335184742e+00,-2.357580145792959048e+00,1.252298956134024088e+00,3.995602534905136949e+00,4.620201605309069356e-03,3.148426857497951814e-02,-2.335935359232122199e-01,-1.000000000000000000e+00
7.349643839101086762e+00,-4.763394960209109463e+00,3.898133430939440647e+00,-6.867786000309422656e-02,1.693896097070918261e+00,1.025518855639392761e-02,4.098614965129010024e+00,-1.908610228589398217e+00,-5.284760442727928442e+00,5.359054924987863622e+00,-1.000000000000000000e+00
-1.090703365248342882e+00,-3.900646503031234058e+00,-1.684157836990702872e+00,3.403257976969717546e+00,7.413116276310226738e+00,3.432085195455538695e+00,2.832276642928677646e+00,-3.582985877041793721e+00,-6.138898688358617406e+00,4.383960474026380005e+00,-1.000000000000000000e+00
2.525780773843443239e+00,8.562960903412298874e-01,-4.678807669889534893e+00,2.135215530109659809e+00,-1.190466946521538061e+00,-9.545909456037564578e-01,-5.306540801947916997e+00,-1.660386321864287362e+00,-1.156254175403200524e+00,9.937468436229300595e-02,1.000000000000000000e+00
-7.578124786448343642e+00,1.270189199395778346e+00,7.537008475719787270e+00,-5.736327337575083618e+00,1.443352430640808093e+00,1.451396634337733582e+00,-1.561429063498204206e+00,5.834367072265423948e-01,-1.383780221605047656e+00,1.367952373030172808e+00,1.000000000000000000e+00
-4.827640216479327506e+00,4.833379440172198116e+00,-6.133957337071614724e+00,3.737536684983130186e+00,-3.590318861877837886e+00,-7.578342344295322386e-01,1.007558768187503812e-01,1.123680571569432685e+00,2.932317708421878333e+00,1.185258276916574482e+00,1.000000000000000000e+00
-5.714080149328729874e+00,1.030228712535845137e+00,3.637250038628245363e+00,-5.746314667259672326e+00,5.385919124290829973e-01,4.342828727627210839e+00,-5.166000588061198107e-01,1.383708349564384488e+00,1.674101528188429500e+00,3.174096810900621790e-01,-1.000000000000000000e+00
-4.918970460149489909e+00,-2.565716756890722650e+00,-1.201340578437632978e+00,3.091414758155019982e+00,-6.221341747374710351e+00,3.275553987127130529e-01,-5.153662382250722152e-01,3.877775903403524183e+00,3.639020074044876374e+00,-1.617850616063780222e+00,1.000000000000000000e+00
-6.413742937869318261e+00,-7.163498595113003908e+00,-5.406371781762077333e+00,1.207950107922688687e+01,8.445285552560829245e+00,1.999383469410748404e+00,1.511877201905407420e+00,-2.310097749525707567e+00,-3.772992071758511035e+00,-1.749251474615276969e+00,-1.000000000000000000e+00
-3.506317177999094703e+00,-8.152526594325975040e+00,7.598680685749388708e+00,-4.501551637320726940e+00,-2.828061616019137414e+00,1.972669169660949740e+00,-1.260993470113215498e+00,1.136505405415605185e+00,2.481835645607815000e+00,-1.842847676072381313e+00,-1.000000000000000000e+00
-8.727206495675826403e+00,3.941705269255951105e+00,8.426732328648995463e+00,-5.248912379838240660e+00,2.988381140046747930e+00,1.119394362968452628e+00,-1.162866010493334823e+00,-3.553837473754171583e+00,-1.734303976797979319e+00,2.844790084517387019e+00,1.000000000000000000e+00
1.283668570783591756e+00,-8.238035581480101399e+00,-7.317312781298845437e+00,3.427580926204441880e+00,6.897032172701270447e+00,4.320677269973043799e+00,1.365380948891860458e+00,-2.203606837100218208e+00,-3.938231613339225667e+00,8.641346488553536265e-01,-1.000000000000000000e+00
7.542089686029224360e+00,1.257076577177255405e+00,4.392320233274666030e+00,-2.339429187164949742e+00,-4.502799669418979356e+00,3.422008302343343633e+00,-8.166704793571998300e-01,-3.916663569645912890e+00,-3.002340496480854881e+00,2.585793543476827328e+00,1.000000000000000000e+00
-1.177420328843332475e+00,-6.961947895703738176e+00,8.472901877493397294e+00,-4.895003995175091771e-01,-6.503499091448010638e+00,6.481033230058450556e-01,-6.721100991967257521e+00,-1.467307424277253025e+00,4.662231138962209087e+00,-2.127027904978567197e+00,1.000000000000000000e+00
-6.412450572903447998e+00,5.949566051647774856e+00,-4.061917724327352985e+00,5.149264526530802577e+00,-3.461192079013813316e+00,2.474394048596884499e+00,3.564584550273397934e+00,-2.573402064236352871e+00,-1.651138290314628554e+00,-1.174183474107176384e+00,1.000000000000000000e+00
3.016101362012859610e+00,2.392417750620764227e+00,2.227333034881234131e+00,-4.307045579693212112e+00,2.980020955307965291e+00,9.886290792906423652e-01,4.390977861330400689e-01,2.541328417670693618e+00,-3.571989313882536266e+00,-3.111543591942374842e+00,-1.000000000000000000e+00
1.330967977610804986e+01,5.206368735570243267e+00,1.387201077275226524e+01,1.420964608070088397e+00,-2.992971815875351549e+00,5.393319614185619670e+00,2.276035411599013347e+00,1.062924843258183216e+01,1.873386359298786275e+00,4.539557153073823237e+00,1.000000000000000000e+00
-8.391505139808421276e+00,9.139535382393550123e+00,3.382014100834760395e+00,2.787855655852249370e-01,9.572189044054417728e-01,1.769056222772287912e+00,3.514341515153819873e-01,-7.811623941675098770e+00,6.974083802511451546e-01,5.717169536718558653e+00,1.000000000000000000e+00
-1.142135335707993882e+01,1.746690728942759119e+00,6.567167127750278333e+00,1.437964579503247242e-01,2.984677617143077111e+00,-4.361304494666575771e+00,-4.068721073501728736e-01,9.835169118337900862e-01,-1.121124605711393940e+00,3.615482741190020555e+00,1.000000000000000000e+00
-6.561493427139803991e-01,-3.698092470380141439e+00,-6.458187190073246597e+00,2.447431091135672254e+00,1.036606472191001549e+00,9.930298794133913809e-01,1.929280579989703370e-01,2.333440611708453294e-01,-1.781698127268698251e-01,-1.146089670542003836e+00,-1.000000000000000000e+00
-9.209151533535086642e+00,-6.044481233893887584e+00,1.441947814589861387e+01,1.003603045270239313e+01,1.047249375826537765e+01,7.656176015066190610e-01,-1.268458473799393182e+01,-4.421189222914343020e+00,6.139247619029278846e-01,-7.011094172857874618e+00,-1.000000000000000000e+00
-3.085757866820889816e+00,5.997818979783682281e+00,-1.495063615467161044e+00,-2.187188374314803063e+00,-3.840400479500214459e+00,5.998843208494137436e+00,-4.948457487473464922e-01,-1.301125481163764475e+00,-9.853141504469157264e-01,1.845238048405591913e-01,1.000000000000000000e+00
1.236150348269310051e+01,3.908025985590320328e+00,6.775102548240847788e-01,-1.271549306990168882e+00,6.706743794507032952e+00,-7.043477570862960668e+00,-6.294341764049947940e+00,7.048973951047140751e+00,-1.325579382495910785e+00,-2.883941833709037450e+00,-1.000000000000000000e+00
-1.344045707979487414e+00,-4.344869435940459934e-01,6.827017763339515710e-01,-5.643549207744081642e+00,-5.174635379550011294e+00,5.762327930794565845e+00,-3.062137390333783404e+00,4.206873536716571049e-01,5.058552624958557731e-01,1.208221804421659717e+00,1.000000000000000000e+00
-1.092025933888300493e+01,7.625053362871075713e+00,-1.032395365426802325e+00,3.390584044287114907e+00,1.831365672959489321e-01,-3.977955457234290115e+00,6.409402681259403600e+00,-2.788344059724285451e+00,-1.656743820204597428e+00,2.026612242294184352e+00,1.000000000000000000e+00
-8.881768804017601937e+00,2.562249064999377879e+00,2.631369306694708587e+00,2.969186948589476405e+00,-2.868097410887949117e+00,-7.289004189033337688e+00,-2.287223846535777039e+00,1.154630392093317415e+00,1.796741924959242231e+00,2.351324893874817690e+00,1.000000000000000000e+00
3.449545595442769841e+00,6.254743842361084383e+00,-4.773534560683133421e+00,-5.312825295176261342e+00,1.164246228928438986e+00,-5.498556923144773956e-01,-4.311157447581585700e+00,-3.345796314572230812e-01,-6.039595615566929476e-01,-1.454434297394044506e+00,-1.000000000000000000e+00
-3.420693553701689371e+00,-1.047201397095514741e+00,-1.372586395924391800e+00,-5.812842620848610586e+00,1.683927310885324991e+00,3.766507055318727648e+00,3.535547355671514236e+00,1.733578611021802773e+00,1.699665263949281968e+00,3.449016387898969360e-01,-1.000000000000000000e+00
1.119603291284362451e-01,-2.125419414463182444e-01,-3.387791120059378880e+00,-6.603013506548804479e+00,-1.509325523156320958e+00,1.891531311796837700e-01,2.278453420426067577e+00,-1.915908899754007189e-01,1.464562088006197138e+00,-3.026052393425092024e+00,-1.000000000000000000e+00
4.948237121482648160e-01,-8.648819841895329930e+00,-2.150709214076900466e-01,-3.641365714349320992e+00,-1.124645394146118305e+00,1.925444733610336634e+00,1.959725578526954282e+00,-4.215006105856888841e-01,-1.613633712481748750e-01,2.088954528898368856e+00,-1.000000000000000000e+00
1.162245076406979827e+01,4.629720669389749688e+00,1.883823713973569847e+00,-8.671424576726824984e-01,-3.886925893039861801e+00,1.323003688481030338e+00,-4.266033600175017426e+00,1.496108673160374325e+00,-3.847500955291933700e+00,3.813054115593441651e+00,1.000000000000000000e+00
3.887121726780178310e+00,-1.833200733071201238e+00,-1.106002956968854090e+00,-6.289895104364492617e+00,-3.784288256545315754e+00,-6.904796860534172520e-01,8.489269968952937173e-01,-8.215363366761613273e-01,-6.435329380815721922e-01,2.760526087059876676e+00,-1.000000000000000000e+00
-9.130326770193855523e+00,4.688472155297020549e+00,8.572349983573028354e+00,-1.975643814810810417e+00,3.855923927449780741e+00,3.112354788924733384e+00,-2.496753376183830087e-01,-7.452137517158102575e+00,3.557525202830328137e+00,4.239312353672888278e+00,1.000000000000000000e+00
1.921764443558314994e+00,7.610066121500078218e+00,-4.737555351572982687e+00,-3.994601694805328118e-01,-4.082732527592329852e+00,1.822365906300164928e+00,-3.549142078905597408e+00,6.557230757571800295e-01,-3.408288162015804534e+00,1.826692711903319166e+00,1.000000000000000000e+00
3.390747298814160260e+00,4.775993628008246006e+00,-7.440503162892402322e+00,4.633367827547568929e+00,-6.492389065510025148e+00,1.425729298751786445e+00,-9.896445248220374635e-01,-5.931328307319921889e-01,-1.973249949663669289e+00,1.816807124785082994e+00,1.000000000000000000e+00
-7.467884230945371904e+00,-1.265658567315418814e+00,4.466125039023306265e+00,1.095996210687222527e+00,3.534994768276296551e+00,3.452714483576624360e+00,-3.888643777514040334e+00,3.112730753051405674e+00,-2.690864802282318280e+00,-2.487234823312749921e+00,-1.000000000000000000e+00
-9.125675144523057725e+00,-5.785223110717228501e+00,2.282178409758777171e+00,5.495947295151788481e+00,9.047430014030210188e+00,4.019153156313840292e+00,-1.548547811702723820e+00,3.687995800453212958e+00,-4.786025595172968217e+00,2.429465096521564060e+00,-1.000000000000000000e+00
7.097705805056376605e+00,-3.908631305456461202e+00,4.140025915635662912e+00,9.191034489113995010e-01,4.098355118792197160e+00,-3.444193648377168238e+00,5.380887523012585216e-01,-3.418379766477894321e+00,4.650753239952010176e+00,-1.039047966771548676e-01,-1.000000000000000000e+00
5.023977170615838705e-01,-2.490596686878979060e+00,-2.125998678585637514e+00,-6.513598705410528211e+00,-2.271773183957848108e+00,2.704105996715825189e+00,2.122344267640729587e+00,-7.012835844258016316e-01,9.490296640934022809e-01,8.263798917896211238e-01,-1.000000000000000000e+00
1.406481524233490488e+00,-1.125121499461960184e+01,1.906790527740495289e+00,-2.223465155227719148e+00,-9.655434254973755959e-01,1.652105600608083369e-01,-7.857552912304398562e-01,-5.192997321026758817e-01,1.322639336735123017e+00,1.198717794554308380e+00,-1.000000000000000000e+00
1.917262882496320131e+01,9.386129602872793853e+00,4.793585351049538978e+00,8.010398530599222022e-01,8.628143194682380113e+00,-8.168638190041450642e+00,2.943842758129214587e+00,1.105839930362890833e+01,-3.602305583598272687e+00,9.306936993194800944e-01,-1.000000000000000000e+00
-4.988573009570191452e+00,6.037105748460505517e+00,-1.936213265077299628e+00,-3.518995116293208714e-01,8.539022348869227841e+00,1.461178858222368371e+00,-1.760417911466837904e+00,-4.788636801906536178e+00,2.576288736100875720e+00,-2.619234137525153105e+00,-1.000000000000000000e+00
-5.217288816165564391e+00,-5.113817554347698469e+00,-4.003376770641842164e+00,4.385845189631251806e+00,6.970946624143441461e+00,6.184110582193925509e+00,4.704949379440829915e+00,3.518152774074890243e-01,-4.773057561327728848e+00,1.703853568369559701e+00,-1.000000000000000000e+00
2.716159370199055512e-01,3.500856972612121920e-01,-7.866696743273921655e+00,-3.457832149043569725e+00,4.242721357341314281e+00,2.943737470195295636e+00,-2.234807749515589359e-01,-1.168286564490661927e+00,4.207394677554419538e+00,1.803994559733046676e+00,-1.000000000000000000e+00
1.526621601921057669e-01,-1.529545036088026677e+01,2.641286135101311494e+00,9.406587876134263837e+00,4.443068833106871729e+00,2.693013434949115936e+00,-8.977605152639446473e+00,-1.685377805688982100e+00,-6.651820361451574737e-01,-8.869865540933463688e-01,-1.000000000000000000e+00
-1.610260840297512985e-01,-2.498555622876467375e+00,-6.639023957249179375e+00,-3.016231348320390637e+00,3.730896907264145135e+00,4.732190720917474280e+00,1.391453604243610975e+00,9.003927651055460002e-01,1.797837497676910923e+00,-6.261479669789812297e-01,-1.000000000000000000e+00
-8.323821887066850111e-01,-6.995629427757893204e+00,-5.627770214444740127e+00,7.878955877576542255e-01,5.998797332414433470e+00,2.828066990193201402e+00,4.805041899378869275e+00,-7.684180618084498482e-01,-2.219443695031769082e+00,2.684034155182519310e+00,-1.000000000000000000e+00
-8.126407616081313678e-01,-1.511856152468609826e+00,-5.066411715557527451e+00,-4.119904125941725503e+00,1.347877050066474514e+00,4.084865529851358090e+00,7.295957254961513705e-01,7.478193739894251069e-02,1.362832561425707523e+00,9.247672019339301386e-01,-1.000000000000000000e+00
2.147417832947750294e-01,-7.332204544630449128e+00,9.944818838002589256e-01,-4.000431528269927206e+00,-3.046718830092585151e+00,1.414480208451855514e+00,2.986869852036033279e+00,-5.309207273094099788e-01,-7.394176237290471798e-01,2.590198534360841798e+00,-1.000000000000000000e+00
1.646859371177102460e+00,7.489690984901589133e+00,-7.709932690881783346e-01,-4.786667068006781989e+00,3.828864107840852515e+00,5.114629074507688777e+00,-4.544249514078549268e+00,4.577621214600696931e+00,-1.693038595839299054e+00,2.364317484245412437e+00,-1.000000000000000000e+00
-4.135263672738498819e+00,5.601838319845627190e+00,-6.709055443760488124e+00,2.875952300706045239e+00,-3.341511074909539580e+00,5.899897111054308585e-01,2.824415750384685175e+00,-4.043309293451399000e+00,-1.219913891969654912e-01,-2.792662730241724844e+00,1.000000000000000000e+00
5.243395363435737089e+00,1.143157294258032142e+00,-5.952322471396284342e+00,-3.465905996664648381e+00,3.758109264468378896e+00,-9.209615591697428272e+00,1.402062050806626603e+00,1.248174270353282100e+00,4.209835791422171347e+00,-1.352883442672233316e-01,-1.000000000000000000e+00
-2.898582811406976489e+00,5.422987477085098540e+00,-4.492721434964953353e+00,-4.584680097889709316e+00,2.322744971116431412e+00,3.834944806784294169e+00,-8.975543988774460358e-01,-1.462282664726050341e-01,2.249955522870190627e+00,-4.333349978536211289e+00,-1.000000000000000000e+00
8.799390306985747756e+00,7.729562440793777967e+00,1.056875941577110467e+01,-2.517918443289408170e+00,-2.647990625597996583e+00,-1.738424940574918365e+00,8.618040421404904450e+00,9.213291119618286729e+00,-1.575145055431634633e+00,4.966442192816507450e+00,-1.000000000000000000e+00
8.014938214875934719e+00,-2.095705640528368274e+00,3.074939128846380765e+00,7.640362450767550939e+00,-6.704570960316993400e+00,2.311101878619921557e+00,3.111815837481974878e-01,-3.629776886773295796e+00,-3.637628200778716958e-01,1.606207556804739589e+00,1.000000000000000000e+00
2.886427493311391590e+00,-4.345923094968841660e+00,-2.904170400445378331e-01,9.153126557659974072e-01,-6.798286743201991555e+00,3.551608207083588598e-01,-1.923974281252704088e+00,-3.180628253325330945e+00,1.343113486524601496e+00,2.212937228934360956e+00,1.000000000000000000e+00
-4.857354155167978860e+00,4.753567912365297410e+00,-6.757762337088721871e+00,3.720561941788231408e+00,-3.766656395887233000e+00,1.923943208727672882e+00,3.816935517494482344e+00,-2.609060959889078379e+00,-2.203976330521763283e-01,-1.820171943211998933e+00,1.000000000000000000e+00
2.963354201285416600e+00,-4.972418937593645616e+00,3.482257822423741711e+00,-1.061219074162771614e+00,-6.473051541762874450e+00,5.105289852654403937e+00,-2.781049579112577774e+00,-3.439762444839784550e+00,-4.228143678015110929e+00,-1.327441727780453995e-01,1.000000000000000000e+00
8.740984031561341849e-01,-5.996932125353984233e+00,-4.145067342316703929e+00,-1.561768936060314639e+00,1.530685151574682878e+00,3.314606704876786658e+00,1.487921332079371162e+00,-1.388929841073639926e+00,-6.926043801679181433e-01,-1.011172572783228141e+00,-1.000000000000000000e+00
3.431871477595923370e+00,-3.532723834571573018e+00,-3.769641798285249812e-01,-4.526647695893843526e+00,-7.438477348877905904e+00,-9.251622641434996686e-01,1.919468432171910433e+00,-2.683303045580954116e+00,-3.021170571135819299e-02,6.018113374486232514e-01,-1.000000000000000000e+00
-8.929657505933985107e+00,1.117093602912612482e+01,-7.865453233351377138e-02,-1.002281306189432675e+00,3.585542390434387716e+00,-7.326055484298370502e-01,1.143078420037823006e+00,-7.350393441068038491e+00,4.465811232825663279e-01,1.018013961383810839e+00,1.000000000000000000e+00
8.734614939925429145e-01,3.686242717396199797e+00,-5.980020884677109905e+00,7.744240695570342226e+00,-5.384550886009766835e+00,-4.222576842952997289e+00,-2.726625923003775487e+00,-5.104230999305763294e-01,-4.349677679114364315e-01,5.600520394461796059e+00,1.000000000000000000e+00
-4.045225934231907239e+00,9.318886709238849875e+00,-5.673193073969708067e+00,6.580444875589821052e+00,-7.676238350645978592e+00,1.683057042905350409e-02,1.449337961119288698e+00,-2.436924125201072489e+00,2.074578195179637596e+00,-1.440879511936093427e-01,1.000000000000000000e+00
-7.840430369148787548e+00,-6.563036409574618979e+00,-1.452706648572527071e+00,7.981667536946981834e+00,-1.594106843362436354e+00,-3.439380623664345382e+00,2.537113289729231003e+00,5.590156470206825823e+00,-3.708822681747518057e+00,-3.898816795260089396e+00,1.000000000000000000e+00
-1.092698904285394512e+01,4.330022900204703262e+00,7.266796696486652607e+00,-2.901261544242801360e+00,2.885676499319148824e+00,-4.773863556373663664e-01,-2.455781518730324020e+00,-1.894775149262718505e+00,6.966656613616757643e-02,3.335884470913212496e+00,1.000000000000000000e+00
-3.142069158789754235e-01,-1.538356827948575312e+00,4.987918704568704009e-01,1.025631239819872853e+01,-1.074837195414396085e+01,-6.257469788357138185e+00,-3.792193493109540015e+00,2.077792022980031295e+00,-3.851305780089421482e+00,2.304779574112654661e+00,1.000000000000000000e+00
-9.394969597682322870e+00,3.636888079190632617e+00,4.932134986022834511e+00,-2.084266853444038503e+00,-6.015515014448820537e-03,-1.242456401312404202e+00,-3.565929890818673731e-01,2.948402149891463875e+00,-3.128124043093748252e+00,-6.419769950480603837e-01,1.000000000000000000e+00
1.406766917175022780e+00,9.927058714304044074e+00,-4.108555171101490600e-01,-4.120668892907842995e+00,9.797958830721139600e-01,5.845197210527827814e+00,-3.889594054921100330e+00,3.175181576929646088e+00,-2.082650258010766642e+00,2.222968809529306533e+00,1.000000000000000000e+00
-2.579216469104047338e+00,7.939460736938862562e-01,-3.219383077582015584e+00,-2.529855316180722902e+00,-2.643263515092229454e+00,1.595829033401639174e+00,1.229003161074454065e+00,3.144301978886476223e-01,-2.984589347677781279e-01,9.732229984843605575e-01,1.000000000000000000e+00
-7.553264479788940555e+00,-1.228335440743911766e+00,2.111106851926654870e-01,1.415499473397350050e+00,-7.505708547764431415e-01,-2.530810514475456241e+00,1.538949553925280211e+00,3.557039127944069623e+00,-4.779758672159593047e-01,-2.437469018185460357e+00,1.000000000000000000e+00
-5.894271315523706534e+00,1.024844484043240200e+01,-3.840300397259255316e+00,2.589873709888540265e+00,-7.631387201829596956e-01,2.407898783777516094e+00,-1.871813238836762538e-01,-3.959465847819810591e+00,-1.188447060521509391e+00,-2.498971492569318720e+00,1.000000000000000000e+00
1.945965361441896579e+00,-9.314951797102333231e+00,-6.248166267775679961e-01,-4.990926151745432193e+00,-8.346538563478497763e-02,-3.582970097056758174e+00,1.002120400281443002e+00,2.493970201707117251e+00,3.122961547113304093e+00,1.153045263107855600e+00,-1.000000000000000000e+00
8.638010723728061890e+00,6.666366349383911150e+00,1.397474982699693591e+01,3.703689666917457490e+00,5.001545632168932221e-01,1.297826795667422095e+00,2.533767406269978650e+00,-1.598046044147986899e+00,3.412206363067371129e+00,-7.972105781112112766e+00,-1.000000000000000000e+00
-8.118400490202594355e+00,9.596499780665986634e+00,-5.559621675765669124e+00,3.569008887354345738e+00,-2.614394930396805261e+00,-1.482870742990280155e-01,4.693835968992096319e+00,-1.800174775682709338e+00,-5.281068583123051940e-01,-2.444239807274545040e+00,1.000000000000000000e+00
-7.218199546814886070e+00,-4.845847273932372801e+00,-4.045738567417503928e-01,3.105583017704421689e+00,-5.303822113503311453e-01,-2.814348328282312295e+00,2.533234925989134467e+00,5.404527719711537337e+00,-2.083734027424510415e+00,-1.767868780198126322e+00,1.000000000000000000e+00
1.240611794896789810e+01,7.331695048007407234e-01,-2.867102351210580213e+00,-3.183106749595032703e+00,6.102330562289209226e+00,-1.078118047873135765e+01,1.173999567997170868e+00,2.711852780703591037e+00,-3.818501125254885054e+00,-3.296894172021558767e+00,-1.000000000000000000e+00
-6.143964185819354995e+00,3.551970724799706769e+00,-3.878226399622839438e-01,-3.206349727985441156e+00,7.567414243070258451e-01,3.380201493009912905e+00,3.447548989953517662e+00,-4.723384430291419078e-01,-1.822684223048729013e+00,-3.046873864903609785e+00,1.000000000000000000e+00
6.055648056655492439e+00,-3.058283866213892477e+00,-3.844819313939338290e+00,-5.097699283630634959e+00,9.479725057173905567e-01,-8.847550736425657814e-01,1.447054403631454350e-02,-1.325955351629450663e+00,5.807124485678571979e-01,-2.868194323475118601e+00,-1.000000000000000000e+00
1.343646488661226712e+00,-3.716320984309677389e+00,-5.937603813791425544e+00,-3.834668037796808426e-01,4.796629068309388177e-01,-2.595605029374705164e-01,-1.021280947880754963e+00,8.805180238916927860e-02,2.420724703023984237e+00,8.241533209913609603e-01,-1.000000000000000000e+00
-1.030677985105565631e+00,2.884459925450696627e+00,-7.702400657024020880e+00,2.409531039046017842e+00,-6.147519088760836858e+00,2.549033356965261898e+00,1.156551835936167477e-01,5.665868504545003015e-01,5.243669815094217229e-03,2.131708191266330210e-01,1.000000000000000000e+00
-7.052283192024417779e+00,2.317633206033486548e+00,-2.780397140657387745e+00,-2.055960512769883675e+00,2.344994756076079767e+00,-1.922857157360440494e+00,4.719011488313310743e+00,2.442246785080685711e+00,7.351902630201510025e-01,-9.277462201074315740e-01,1.000000000000000000e+00
1.110664373582954445e+00,-4.767974019623255622e+00,4.560898050805563542e-01,5.555774334090169297e+00,7.803734317838774359e+00,-1.755664295572956446e+00,-1.613666944124128921e+00,-1.951817569114304485e+00,-4.364619608194730382e+00,1.176889640374358281e+00,-1.000000000000000000e+00
-7.460388407709594993e+00,1.247316267767714759e+00,3.569079461686444077e+00,1.321622282130387571e+00,-2.850982293563529613e+00,-6.546767331140475932e+00,-9.155849114857563809e-01,6.276318264752439591e-01,-1.201589001197842288e+00,1.731048807828537095e+00,1.000000000000000000e+00
-6.887136444550102432e+00,9.081005839250401834e+00,-3.331057609357434418e-02,-1.375483242250995275e+00,-2.007375995830188220e+00,1.053533458287794433e+00,2.843823198886068937e+00,-4.400483014087384959e+00,-2.070163913922409490e-02,3.119979205120641197e+00,1.000000000000000000e+00
-1.137170060463881427e+01,4.847834797012775532e+00,5.910447862119825757e+00,2.115356485170449830e+00,-8.934479131362424997e-01,-4.193562215862984388e+00,-1.290997905192662776e+00,1.190223904716682046e+00,1.055131751709827315e+00,-1.946980240347454316e+00,1.000000000000000000e+00
-6.660621662669855558e-01,-1.170447623891084277e+01,-1.941552677213860711e+00,-1.764448249717638362e+00,3.385270655022118103e+00,1.757368013747145241e+00,3.690795323003362327e+00,1.912049704055059696e+00,-8.376500345521072921e-01,1.990821524755459482e+00,-1.000000000000000000e+00
5.187401642634285714e+00,5.009740409104006531e-01,-6.049142710656307820e+00,-3.886754174280736329e+00,1.383093122403518782e+00,2.500014263061939968e+00,-1.454139771790161406e+00,1.021734748246472257e+00,3.877057695900387291e+00,2.701217723376308499e-01,-1.000000000000000000e+00
4.575341553059792510e+00,-4.384639419194021670e+00,3.138805732181183306e+00,3.314590117429264460e+00,-7.311707982537481776e+00,3.815872499365776438e+00,-2.603369102448773287e+00,-7.321346021821558914e+00,1.631927715360845577e+00,8.173059707993836076e-01,1.000000000000000000e+00
3.967890640884653486e+00,4.452916727376033279e+00,-2.431990619465301151e+00,-7.447934057275299224e+00,3.145671146772462290e+00,8.137949079015849296e-01,-1.046375434025010209e+00,1.856123499661467058e+00,6.473075524314350071e-01,1.298993054391989199e-01,-1.000000000000000000e+00
8.811708480199545335e+00,4.945531600842826059e+00,1.382940704634334217e-01,-6.821517574288589181e+00,-4.255905348252634335e-01,-2.724864154052835552e+00,-2.108945052798748332e+00,1.823986031144718245e+00,-5.226144165223888471e+00,-6.188123605530384541e-01,-1.000000000000000000e+00
6.074111097339383925e+00,2.634607036871290831e+00,-2.999618267857347309e+00,-5.561082101256952903e+00,4.271838615347356871e+00,-2.271853416491372180e+00,-1.758181430985317206e+00,2.238272919164260522e+00,-1.007686967764144237e+00,2.294225060010560480e+00,-1.000000000000000000e+00
1.061385502304970085e+00,-1.076074483210844868e+01,-7.433155665091664699e-02,9.348728775555541048e+00,-6.293699077406351705e+00,8.323144999339812111e-01,-3.022954064044347078e+00,-1.138990408488363304e+00,-7.673988488448851841e-01,-8.806178754670105358e-01,1.000000000000000000e+00
4.642833787672546730e-01,-4.714274150954005371e+00,-3.706174053698381154e+00,-7.787123789812618879e-01,3.620404832455382582e+00,6.405223698187300307e+00,2.850337577301214065e+00,-3.587245326319834060e+00,-3.137333465372161179e+00,4.192789807067710539e-01,-1.000000000000000000e+00
-4.828132335293945365e-01,-3.080130589676382424e+00,3.682023585669460530e+00,-7.365889480555453339e+00,-5.953310926512930479e+00,-8.768447626628922409e-01,-1.727720014529495474e-01,1.444882850645490713e+00,8.883761287836086096e-01,3.872930137593832423e-01,-1.000000000000000000e+00
3.595900325327474056e-01,-2.694861714511228801e+00,4.932882281125574586e+00,-5.902595812100345896e+00,-6.227059403370041935e+00,-5.135725764700335816e+00,-8.992450302672815310e-01,-6.534427817292020046e-01,2.918594866594965698e+00,-8.501049325033428472e-01,-1.000000000000000000e+00
-5.549813901489088153e+00,-6.262969998710366859e+00,4.121597744408020958e+00,-2.169580371189039791e+00,3.783439056848886040e+00,2.813022552688519529e+00,1.791497673849917760e+00,2.429648067171985559e+00,-1.356940373027845315e+00,1.944001660431133427e+00,-1.000000000000000000e+00
7.210796121148746352e+00,1.033841007599316875e+01,-3.737246196933031950e+00,-2.831506011035282544e+00,7.979622481125078437e+00,-1.729523104432093006e-01,-9.822906338778423674e+00,4.260275742462503068e+00,7.278069245469705184e-02,-5.608816984064295852e+00,-1.000000000000000000e+00
5.367901291815550202e+00,2.715329517126956471e+00,-3.294168709019146046e+00,-4.624299177778683045e+00,-1.968239732847515189e+00,2.874216808869237472e+00,-3.560381716728985069e+00,-2.536790987439228040e+00,-2.129369178702863241e+00,2.535783065208359055e+00,1.000000000000000000e+00
-4.467815902935060035e-01,-1.595410124849263811e+00,-5.440874237597514096e+00,-4.734774232461869126e+00,1.372356905577087893e+00,-2.708387664477576728e-01,2.878787418257072517e+00,1.605699036437780558e+00,2.429346828449540752e+00,-1.044258611427084205e+00,-1.000000000000000000e+00
2.507255890791255215e+00,-7.268144717115241349e+00,1.154271136648024054e+00,3.791454460262485338e+00,-8.498476195248667153e+00,3.793649022925171366e+00,-2.223474091618129034e+00,-2.872526401375583127e+00,4.642460156205794469e-02,2.102164011507171804e+00,1.000000000000000000e+00
-3.539692321346070147e-01,7.059959707765458781e+00,-1.202869586791038836e+00,-5.587141121463529814e+00,3.801783972979922321e+00,1.946650422688610771e+00,-3.273375795075629480e+00,4.517665134136386040e-01,-8.590513823007142058e-01,-2.187435588192054858e+00,-1.000000000000000000e+00
-4.596780334558351555e+00,-8.699720251132723181e-01,-3.719097949383542101e+00,1.222720870407503213e+00,-2.996426913756449206e+00,-1.665585805817591414e+00,5.031479075916993338e-02,2.471170440545058522e+00,5.239957570684472543e+00,1.714382519306949071e+00,1.000000000000000000e+00
7.828169859907668560e+00,2.367549694507728120e+00,-4.605979781585519461e+00,-8.157013246752422564e-01,-2.981238670615804498e+00,-2.304839625538515513e+00,-2.530287318056597012e+00,-9.684825149997814409e-01,-2.253620402527345856e+00,2.343732736089275903e+00,1.000000000000000000e+00
-1.049447720026195974e+01,3.662335700757416657e+00,7.881254897544467397e+00,-2.675013129084999330e-01,2.507775024052898427e+00,-9.326001688145360013e-01,2.264113252409327259e+00,-4.662395146100704935e+00,-4.369363003328890827e+00,4.919353546726857651e+00,1.000000000000000000e+00
-4.287683171381534208e+00,-1.175989743330839277e+00,-1.516607940214241279e-01,-5.076976849340808506e+00,-8.178501067070061969e-01,2.045330427112213911e+00,2.760291646646023889e+00,3.700342370441011663e+00,2.151478496666411999e+00,-2.938413198198040366e+00,1.000000000000000000e+00
-3.797977036710051824e-01,3.329697446111914427e+00,8.299173029822159986e-01,5.885972401927215714e+00,-4.013460648927986263e+00,3.577706134221616097e+00,3.159479943063328466e+00,-1.601383811004578384e+00,7.509697274005606715e-01,4.113094598285153558e-01,1.000000000000000000e+00
-8.941840128967292856e+00,-1.290888243267881208e+00,5.325378356162749682e+00,-2.254244524043538256e+00,3.322969598325117069e+00,-1.708323504349033461e+00,7.543413219654240276e-01,2.896772545925183628e+00,-3.961443682847930248e+00,1.379035159875464434e+00,1.000000000000000000e+00
2.693651981741971735e+00,6.093109649949838946e+00,-6.749082660937349765e+00,4.484099129697785457e+00,-5.672421143538814547e+00,2.318261685329530142e+00,-2.655216879296694366e+00,-2.621737502756417773e-02,-4.970211523764128891e+00,3.874434610240186760e+00,1.000000000000000000e+00
2.419136104789729735e+00,7.231402020933097141e+00,-7.243634982258321919e+00,8.674046350541742001e+00,-1.744978675442944160e+00,-3.437417187125741957e+00,-2.427465361081411199e+00,7.149171708955214255e-01,2.141624919238192870e+00,2.989017773770529907e+00,1.000000000000000000e+00
3.558800939628452287e-02,3.583072125798822949e+00,-2.831152715272534870e+00,-1.195035835291046039e-01,-5.407751147496807853e+00,-1.984896451833962017e+00,-1.343199100457463713e+00,8.904311197576147974e-01,-2.798894242195091753e+00,-4.676674679281166494e-03,1.000000000000000000e+00
-4.847199179688500337e+00,7.654765509863621364e-01,-1.098361346243598158e+00,-1.926344748310182542e+00,5.562116271412757662e+00,2.537835769142391840e+00,4.634998469335239513e+00,-4.447670239243127988e+00,-1.353574047460446295e+00,3.153913403928122250e+00,-1.000000000000000000e+00
-9.186342284891450660e+00,4.352065315070423601e+00,1.030792455956936848e+01,-5.607093176574431403e+00,5.100667682746897746e+00,2.618652422332750973e+00,-2.932214198124052817e+00,-8.439101578150367544e+00,1.981724433617510162e+00,4.626112875483797460e+00,1.000000000000000000e+00
-1.729875739058712947e+00,-5.934718594032139194e+00,-4.687545419956560266e+00,-1.380719222907461852e+00,4.681955475801062860e+00,7.479094877527179275e-01,3.035571582276040292e+00,3.394096718918203859e+00,1.163919121055922767e+00,-1.753046722653568201e+00,-1.000000000000000000e+00
3.472747937089549097e+00,-5.664997792210172634e+00,-5.070126117680787026e+00,-1.636042058629163742e+00,-2.463679786469871846e+00,-1.092107961737020405e+00,-3.365755941290031750e-01,2.285772638601348383e+00,1.895099656908998176e+00,-6.184232559407205621e-01,-1.000000000000000000e+00
1.827768285236858858e+00,1.989200412728939771e+00,-1.897717474890256106e+00,5.542818846123248377e+00,-6.462556064466441264e+00,3.534056010354320598e+00,-1.543787153336402485e+00,-1.263887723300243904e+00,-3.287010679151288528e+00,3.797863527987097143e+00,1.000000000000000000e+00
-7.572563094210123857e+00,-2.434990715162411307e-02,-4.786993044601380198e+00,4.318520769910762169e+00,-7.332451518015136172e-01,-1.361139102696546699e+00,6.577543927631059439e+00,2.134769036421246380e+00,-1.966318588923904986e+00,-3.649546021180958721e+00,1.000000000000000000e+00
-3.474973854114921767e+00,-1.136819513540355153e+01,-8.576213319570628046e-01,3.185984785214339698e+00,4.128362457105294148e+00,4.669553612336729387e+00,2.610226250402754022e+00,1.486161584447650119e+00,-2.194527471447836664e+00,4.955393512358410746e+00,-1.000000000000000000e+00
-1.435267824348360755e+00,-5.616454367847646623e+00,4.727167865354379717e-01,-2.319557103703171030e+00,-6.018351768148916037e+00,2.869553093315020842e+00,-3.991679800594597260e+00,2.646492296075079409e+00,2.089864895625685115e+00,-2.168889406367044081e+00,1.000000000000000000e+00
7.961837241606300353e+00,-4.237500795698720069e+00,-5.230223237687025239e+00,-4.741246816680151355e-01,3.275371011774992347e+00,-4.809431991102314008e+00,-2.912152834044232641e+00,-1.429710177289832185e+00,6.143950570759244556e-01,1.922262833811979377e+00,-1.000000000000000000e+00
-3.463020837136658425e+00,-4.909093570732990131e+00,1.435469984671686461e-01,1.676117593003884521e+00,6.355888785492952664e+00,-5.376057988959839662e+00,-2.590181658310175550e+00,4.812128689261133685e-01,8.005779636674917654e+00,2.626479276031688515e-01,-1.000000000000000000e+00
-2.572951110587459844e+00,-2.910206012366932438e+00,-4.490876301377336510e+00,1.034850218665645372e+01,-4.490282511542019961e+00,-5.629523414102436396e-01,3.353657336973817404e+00,-1.062568380235166643e+00,-1.374501440875957048e+00,2.809917373409028585e+00,1.000000000000000000e+00
-8.355577975642651367e+00,6.451410739772069913e-01,3.522409802988811123e+00,-5.071930713515948597e-01,-1.468907484877515657e+00,-1.584419164017203396e+00,2.770064490411970670e+00,2.056323658874380733e+00,-2.940467643150606047e+00,-3.258580755429794085e-01,1.000000000000000000e+00
-3.360174870830157090e+00,-7.790661489633659009e+00,-3.714771040794466461e-02,2.887881440164700830e+00,-5.017449105428178235e+00,2.687968970543587410e+00,-1.874141414842650066e+00,3.470496625319145156e+00,-1.209330940285040734e+00,-5.937715315639742197e-01,1.000000000000000000e+00
-9.310959438069849270e+00,5.951593261029212378e+00,-2.528660772914003152e-01,6.111234290565147331e-01,4.559178712661671184e+00,-3.940501441706055541e+00,2.542834006174677253e+00,-2.305121848510103710e+00,-1.025973687580017613e+00,-4.410525181545047246e+00,1.000000000000000000e+00
8.355480243242885408e-01,-2.258623940691689480e+00,-1.765783541157342484e-01,-5.444481389971209673e+00,-4.915912044237691347e+00,4.206424081562463613e+00,-1.699858127967748489e+00,6.370435308170208089e-01,-3.486115492955587092e-01,2.236608857298487685e+00,1.000000000000000000e+00
1.053548506986452615e+01,9.431904290265032742e+00,7.423458724374715212e-01,2.627205762392613053e+00,-9.102490687386447510e-01,3.730064717948634812e+00,-5.815877344020832673e+00,3.824009950928411339e+00,-3.439603734170181060e+00,8.784061649091306379e+00,1.000000000000000000e+00
-2.972860686241181050e+00,-3.443376263134445558e+00,-5.919082277758668909e+00,-9.301100971590093858e-01,6.359842017554137250e+00,3.124217044772025886e+00,4.777437663112165112e+00,2.387872554457663998e+00,-4.666422672168184516e-01,-1.780712465697059876e+00,-1.000000000000000000e+00
5.615696787034522686e+00,7.033232756827406007e+00,3.687655624599270876e+00,-6.339883474245538331e+00,7.574202649981183200e-01,2.301795581896366905e+00,1.440977932584546428e+00,3.337108935389909270e+00,-7.139052525220811241e+00,-6.830957094204805902e-01,-1.000000000000000000e+00
-2.200714397185246529e+00,-2.933959648371262219e+00,4.380708006392715625e-01,-6.404740875291889068e+00,2.887034470800376340e+00,2.151373413593111739e+00,5.203994075083882898e+00,1.160809735775036433e+00,2.109802911308372053e+00,7.670606597328150089e-01,-1.000000000000000000e+00
3.134612635998592189e+00,-3.106988711801757841e+00,-7.916617839616920671e-01,-5.103784687286104571e+00,-3.417146952165531104e+00,4.690472293525167480e+00,-1.950283428733478597e-01,-3.531546354357002926e+00,-1.019604764690865251e+00,2.465173163607952411e-01,1.000000000000000000e+00
3.157416137676282375e+00,-1.480537915728460518e+01,3.159559130959585183e+00,5.032329044981612931e+00,7.289342571875390142e-01,-4.378387605676741678e+00,-4.349593247021672049e+00,1.047845704787290222e-01,-6.818681971671908260e-01,9.523307205382560703e-01,-1.000000000000000000e+00
-9.627442278918386664e-01,-6.884842518824409119e+00,-2.424227194803625363e+00,4.538662572366198855e-01,-7.109030783041039747e+00,2.826956060479864696e+00,-1.009296509760617466e+00,2.918349731461895136e+00,1.688445764073243094e+00,5.804544757862896143e-01,1.000000000000000000e+00
-8.120704826727743963e+00,-4.729516616182893429e+00,4.310840902862801194e+00,4.082651838828450508e+00,3.206797064562045385e+00,-7.708216881558041855e+00,-2.187906174837787709e+00,1.634337000538896856e+00,-1.799692833571369111e+00,1.963329721371961378e-01,1.000000000000000000e+00
-1.009303185686560633e+00,-1.515585012912724405e+00,-4.567456935222981684e+00,-6.244345900338748478e+00,1.031908145271320798e+00,1.477881960422050334e+00,3.045669235574328670e+00,2.336552106544044882e+00,2.902322697066898716e+00,-2.720224601832799571e+00,-1.000000000000000000e+00
3.207914381407166005e+00,-3.536289069507263072e+00,-1.751027937909474197e+00,-2.777495095746545406e+00,-1.406911985175338220e+00,-2.511745257315837421e+00,-2.449875862816199845e+00,1.263746598642541130e+00,3.995712368610942811e+00,7.249381363247843491e-02,-1.000000000000000000e+00
1.444327291595764784e+01,-2.265905159167685756e+00,1.342421746361153545e+01,3.128065274909243243e+00,-9.255135297961827323e-01,-8.149541164545087923e+00,1.186831280981060210e+01,-3.944890472399158909e+00,-1.681556464326939282e-01,-8.090231665394680860e+00,-1.000000000000000000e+00
7.392452788681884712e-01,1.354403605993488213e+01,-2.424049492306956655e+00,1.097408639355151294e+01,-4.828098552907501784e+00,-5.605084163639394212e+00,-5.837210974456531254e+00,-2.560773193336388864e+00,3.413260022557345064e+00,5.461134474850876330e+00,1.000000000000000000e+00
1.353870570938991591e+01,1.178384597125113764e+01,7.008357081370157893e+00,4.384491369133100669e+00,5.283110101744844300e+00,1.807023599143090298e+00,2.070601390377280637e+00,1.208371497297250663e+01,4.617374692909453904e-01,-2.417518977376210909e+00,-1.000000000000000000e+00
6.613916694709374156e+00,3.898130409433517407e+00,-3.694090488609930389e+00,9.237674012357952602e-01,-1.936739486674883270e+00,2.256841070558400109e+00,-4.712540277503680208e+00,-1.058895263534528564e+00,-3.205687677506036781e+00,1.985352708645421460e+00,1.000000000000000000e+00
9.718035920934967820e+00,5.035894666339817860e+00,6.911268559824281787e-01,-3.124229132908569628e+00,2.047705514099395607e+00,-5.169354478641609241e+00,-7.062440983779438852e-01,8.546118535879523304e-01,-3.593593856755755933e+00,-3.569069587827558010e+00,-1.000000000000000000e+00
5.023977170615838705e-01,-2.490596686878979060e+00,-2.125998678585637514e+00,-6.513598705410528211e+00,-2.271773183957848108e+00,2.704105996715825189e+00,2.122344267640729587e+00,-7.012835844258016316e-01,9.490296640934022809e-01,8.263798917896211238e-01,-1.000000000000000000e+00
1.512878857129997368e+00,-1.879287220495126531e+00,5.191297983285725337e-01,-3.218956120765981144e+00,-4.906916557425912373e+00,-1.572905917086247163e+00,3.090886913739541719e-01,-1.288487037722479966e+00,-7.093613392735729217e-01,-2.617094608883796969e+00,-1.000000000000000000e+00
4.151738056098031926e+00,-5.344238201220385065e+00,-3.285829678871455162e+00,1.521101191703960964e+01,-3.160459844243913796e+00,-3.257912378048897217e-01,2.574876089623329811e+00,-3.923451554969785704e+00,-4.691631762315408238e+00,-7.483468840567216729e-01,1.000000000000000000e+00
9.942157943648117779e+00,-1.281551172066972333e+00,-4.187762022183089350e+00,6.522143837156995971e+00,7.146904715509554862e+00,-2.391267091062279526e+00,-5.552376258740081560e+00,-1.755021208677314704e+00,-2.854685751683172068e+00,3.329973351034925866e+00,-1.000000000000000000e+00
1.930288795241033251e+00,4.731507545835195394e+00,-4.753994606688480395e+00,-1.447352170451543296e+00,-2.360314731100940921e+00,-1.615165345577774358e+00,-3.035036987575958634e+00,1.729270330291909019e+00,-3.961953035354264657e-02,1.617319654497610726e+00,1.000000000000000000e+00
-2.470149632007673901e+00,2.327307363576434363e-01,-3.512354938220203948e+00,-4.244376549923858377e+00,1.364440623455348556e+00,2.528412643644083690e+00,1.922401564178281230e+00,1.281467452668909379e+00,3.596464802788432280e+00,-3.598016355969217539e+00,-1.000000000000000000e+00
-2.321668957130142985e+00,-1.472086950849963038e+01,7.524247409205303327e+00,1.223937897070402070e-01,1.073203341058226012e+00,2.019337714123199401e+00,-7.111338924393710847e+00,3.125334826595398852e+00,2.155107310474523974e+00,2.939295656112876465e+00,-1.000000000000000000e+00
-2.336884158392961375e+00,-9.110723818816449437e+00,-9.354641521869279108e-01,1.126279811466375458e+00,5.911919921228161456e-01,3.685646682250520723e+00,-2.759097575120035839e-01,2.718505626152762478e+00,1.256928570067458617e+00,-8.138483132361434835e-01,-1.000000000000000000e+00
5.739281681930721746e+00,-4.239594513622054528e+00,-7.021638382988283356e-01,8.660205213900294963e-01,-1.922292107941263151e+00,-2.116840603865074666e+00,1.728061144776645630e+00,-1.062245377071452168e+00,3.146946249548947527e+00,1.091377839640796310e+01,-1.000000000000000000e+00
-1.098163978508428862e+01,-8.427823758271294707e+00,8.027516255887993779e+00,2.498084142267442243e+00,8.164807518386437479e+00,6.440729892841455140e+00,-4.729596386682631604e+00,4.721133834072896107e+00,-3.429227670234746839e+00,2.353571743203265676e+00,-1.000000000000000000e+00
4.040104949973571280e+00,-2.274586173332473926e+00,5.832549519364787528e-03,-9.471314252880231876e+00,-1.807702673220116907e+00,-1.806937137496191559e+00,1.893332366126433630e+00,5.537222791472898864e-01,1.063948145584343585e+00,2.904158088443881347e+00,-1.000000000000000000e+00
5.289705376767344980e+00,-9.099339333426780030e+00,-1.400476939159971401e+00,-3.820598934954325010e+00,7.463589466654155791e-01,-5.783154098983835034e+00,9.370302524180010653e-03,7.469573613042178595e-01,2.561204130829621839e+00,3.177487103139460700e+00,-1.000000000000000000e+00
9.090364539008873868e-01,-2.116309051460540491e+00,-3.277132015519804931e+00,-6.260122716316259606e+00,1.331375563783067095e-01,7.250399001163176926e-01,1.448991123071774023e+00,1.804654900147000918e+00,2.636595393680797095e+00,-1.616780106977670162e+00,-1.000000000000000000e+00
-9.901570648000314279e+00,3.731583891248455576e+00,2.508416815328374572e+00,4.856052747477221376e-01,-1.267176629600222260e+00,-1.199341608429527861e+00,6.299670860687782259e+00,-1.856419221876468573e-01,-5.113285222773735761e+00,-2.497503194259436121e-01,1.000000000000000000e+00
2.043932624052621705e+01,4.183177552858281523e+00,1.308236222363341206e+01,9.978321694167096467e+00,-1.606486009772249757e+00,3.346322953844559911e-01,6.615516689640390524e+00,4.441150772140179726e+00,2.366932806253075672e+00,4.299793053751876037e+00,1.000000000000000000e+00
4.894938125975393461e+00,5.606370518687675997e+00,-7.564554803808608341e+00,1.334187506695938996e+00,2.514410587169963129e+00,-2.010255741141049324e+00,-8.456283722125231606e+00,-8.066653407371177087e-01,1.214862474979659934e+00,-1.446418893413381257e+00,-1.000000000000000000e+00
-4.454601101911736194e+00,-5.757221090840462630e+00,1.427912656343253817e+00,-8.458935071057295252e-01,3.654441652665142204e+00,-5.441324257081613602e+00,-1.784585051281898149e+00,3.734267834852171841e+00,5.501645717194453944e+00,-5.206745760116527899e-01,-1.000000000000000000e+00
-6.214553690844121014e+00,-9.034881137776535454e+00,2.818717856094594243e+00,7.577281372782983526e-01,3.672910512156546847e+00,7.252096517815963539e-01,4.413369164586528060e-01,5.406711981618955498e+00,5.520507679490260777e-01,1.274842341778959831e+00,-1.000000000000000000e+00
9.647510470396506221e+00,3.969561170951703133e+00,8.609376195500002993e+00,-3.460631648799034732e+00,-4.291583757933525867e-01,-4.703361884548550975e+00,3.158083128505699833e+00,5.396439139067655155e+00,-4.811759088329776723e+00,-3.078843625518081772e+00,-1.000000000000000000e+00
5.785982946836212282e-01,-2.421192405785187463e-01,-6.201345212421927044e+00,5.800607483155026500e+00,-6.183325172814298831e+00,-3.727432069761024813e+00,-3.935196420008592710e+00,-4.258437590677960349e-01,1.596817625249907779e+00,-7.181493132852658778e-01,1.000000000000000000e+00
4.543256346546723279e+00,2.435119967223212445e+00,7.414797607685978953e-01,-4.617694786761592063e+00,-1.501952553445127014e+00,4.023057114565351533e+00,4.691902941723713472e-01,-2.998172305486951572e+00,-1.995716431385136991e+00,-4.512011704086560937e-01,-1.000000000000000000e+00
1.736384053034643271e+00,-1.641381345148688720e+00,3.153867573392167833e-01,-3.070670595207016351e+00,-5.925098827564985626e+00,9.038117004084748052e-01,-4.248526149431700816e+00,-3.715505418424193129e-01,3.272777380350165854e-01,1.493053599456057423e+00,1.000000000000000000e+00
1.228765254984118371e+01,1.573599227729282113e+01,9.098413257304853730e+00,8.880454028462875016e+00,2.356590440017811261e+00,1.276700475005697299e+01,3.124031618393249055e+00,9.496184149667739050e+00,5.900957777534673099e+00,-6.892643236246824845e-01,1.000000000000000000e+00
-6.432457003389401073e+00,-5.144532793564422057e+00,8.140782569618639997e+00,2.996587896022437025e+00,-2.208140400429172256e+00,5.065090688817950770e+00,-8.906777475913266073e+00,5.986956058217045573e+00,6.798638535030082863e+00,-1.350841096114098472e-01,1.000000000000000000e+00
-1.073293134750672628e+01,2.672248358231087195e+00,5.095157383962892972e+00,1.379081119874198125e-01,-6.809440468438311411e-01,-1.962472422302950825e+00,-3.057471225226238154e-01,2.637478731812931354e+00,-3.627194766048038144e+00,9.232911629529464426e-01,1.000000000000000000e+00
1.536096296398911853e+01,7.400287780361436418e+00,5.020878098045957749e+00,2.362492794506349192e+00,8.912427736744659157e-01,-3.057026691503701432e+00,3.103659280749851979e-01,8.262538818544252095e+00,-6.040838707280696163e+00,-3.577464209236851378e+00,1.000000000000000000e+00
-2.064180467810288189e+00,4.943508666015547171e+00,-6.951033462587171030e+00,-1.321825941020204676e+00,-2.675776368743972178e+00,-1.906162666845985787e-01,-7.653419591555761237e-01,-2.514280394890772152e-01,1.460002652230748987e+00,-5.796354762547817785e+00,1.000000000000000000e+00
4.038453499506786670e+00,-2.211496071577123690e+00,-6.044238972011271471e+00,2.867391754600309373e+00,-4.046101304850546754e+00,3.503568294097451297e+00,1.188399993314685821e+00,-5.385519074217195445e+00,-4.399788081528727801e+00,-1.211325652932245367e+00,1.000000000000000000e+00
-8.395475110272881736e+00,6.067151410521448796e+00,4.881730018351234435e+00,-1.906797500144047364e+00,1.182076392018735905e-01,1.351588728657815874e+00,-5.997959569947560743e-01,-1.511249368319063535e+00,1.700670576731896921e-01,3.391171555170224838e+00,1.000000000000000000e+00
2.184145265607349895e+00,5.557079170721879180e+00,-2.451475381080176152e+00,-4.626330223076796422e+00,-1.252409814460080373e+00,-3.098170183482372053e+00,2.565449299883686418e+00,-9.104028807457048567e-01,3.834722547547501081e-01,-9.849602251193203539e-01,-1.000000000000000000e+00
-8.744568567495210942e+00,4.702954203960368673e+00,4.067334665800112603e+00,-1.081439438772799466e+00,-2.751388117643120523e+00,-7.326906909252388633e-01,3.537411329961616779e+00,1.349040906338700330e+00,-3.701989712764844676e+00,3.305626475138684350e-01,1.000000000000000000e+00
-7.479900979760810031e+00,7.033857559915642099e+00,5.598288948784638563e+00,-7.068439454647145403e+00,7.590457299480832809e-01,4.456061216563012906e+00,2.611560885861272108e-01,-4.290103922916864043e+00,-1.155886250661743553e+00,2.622011938640023576e+00,1.000000000000000000e+00
-8.848602862783710776e+00,1.365960163692620988e+01,2.957762560545904584e+00,-2.233579573191042833e+00,2.007961434649345733e+00,1.490158672050766908e+00,-1.758316399526966167e+00,-1.005965920707772554e+01,-2.444670450198966616e-01,4.470390432484910304e-01,1.000000000000000000e+00
-3.169667702290587918e+00,5.930398839052050342e+00,-5.026737848051261892e+00,-6.173497669925314124e-01,-2.296598275047982085e+00,2.079981799171439327e+00,-1.092910097810399828e+00,1.236853762688202352e+00,-1.749297837954680856e-01,-2.632517321290170909e+00,1.000000000000000000e+00
-8.725008069341775752e+00,-9.406142697660132557e-01,4.515910687093965592e+00,2.625423317908393894e+00,-3.870748891509947054e+00,-1.550387918404849685e-01,-2.976843875991612265e+00,5.039542702613176495e+00,-4.174790630457801299e+00,-5.570307436820078451e+00,1.000000000000000000e+00
-1.113969584207117336e+01,1.619129537088050963e+00,1.043244151537322750e+01,-1.580688780982194563e+00,5.285709382457165262e+00,-3.839946427175557009e+00,-2.329287304657923663e+00,-1.471023732755806224e+00,-1.737075374347155865e+00,2.338595040941946035e+00,1.000000000000000000e+00
-4.967322175690874531e+00,-7.601442934695010756e+00,-7.497301206985504507e+00,8.965168673593296944e+00,1.122410486535368079e+01,1.843292000574641598e+00,3.239736341844178913e+00,9.538743460110841177e-01,-1.328617202721244395e+00,-2.276608821043452358e-01,-1.000000000000000000e+00
-9.390661714794461545e+00,3.357573483939322312e+00,4.258724196179078270e+00,-8.085201287900414258e-01,-1.639355193513190923e+00,-2.220056364044241004e+00,3.323476956379940894e+00,-5.074335759403164614e-01,-2.366865746391041192e+00,4.711972073492928792e-01,1.000000000000000000e+00
1.936758644367124305e+00,-3.913211142909219120e+00,-5.250942197542844525e+00,-1.749244795736378810e+00,2.709307299068667962e+00,-5.485240317000586785e+00,-2.856711811197572892e+00,2.019400376881949732e+00,5.196758372635567724e+00,-1.828384028094323543e+00,-1.000000000000000000e+00
-2.088045258392414283e+00,-5.953835991077507828e+00,-1.235713799707373495e+00,-4.455868526299790133e+00,-3.008500545915430813e+00,1.194383210937618012e+00,4.845419999992310878e+00,1.456796277667759654e+00,5.986131126209541797e-01,-3.847583233355797994e-01,-1.000000000000000000e+00
-4.221522225891042979e+00,7.994372262617948977e+00,-9.027870004312390506e-01,1.866516795885331259e+00,-7.109173709063406399e+00,1.807481001396606723e+00,-1.513071024625935790e+00,-2.804916342832777243e+00,-1.864282149525618326e+00,-1.977754126786539945e+00,1.000000000000000000e+00
7.614872218661590253e+00,-8.437034711712914969e+00,1.372430411827772367e+00,-1.868965116842820962e+00,3.336372257455494594e+00,-5.182631513278768143e-01,3.679571664927680175e+00,-3.194839447515290587e+00,-1.076131637107824002e+00,1.454642877237759979e+00,-1.000000000000000000e+00
-7.387141521582766934e+00,3.961178388375991233e+00,9.054985967451548490e+00,-4.488725281918933163e+00,4.961543315015081390e+00,4.943686718596191909e+00,-4.356803894207260441e+00,-7.398109234069545792e+00,5.802058246904320260e-01,3.340018888660351681e+00,1.000000000000000000e+00
-2.200035136190061635e+00,-7.883911086054959050e+00,5.628944598038007063e-01,8.610139521291402254e-01,-3.698763492723920354e+00,2.318766571049762248e+00,-1.226400673262794561e+00,1.862852451461180392e+00,-6.374228716940835149e-01,-4.070856015751851409e+00,1.000000000000000000e+00
-4.855528342131536057e+00,6.488719479412486280e+00,-4.010189821772602414e+00,-2.367491209512771366e+00,-8.314512898761449167e-01,3.983649082286553789e+00,8.838468572376152466e-01,1.562618910828922625e-01,-8.016391269107362438e-01,-5.662740491289964595e+00,1.000000000000000000e+00
-4.031230085936470253e+00,-6.232017234069297196e+00,4.207216633442358855e+00,-1.648361637722311757e-01,-7.233880521976789879e+00,3.310150572565636828e+00,-1.879829691157028249e+00,1.412545104320035438e+00,3.172057555166740705e-01,-2.079641389196039025e+00,1.000000000000000000e+00
-3.489297387929451322e+00,3.768015408527626842e-01,-6.053494643682428844e+00,8.802003697954460248e-01,-3.915046037649576594e+00,2.312131433656495094e+00,3.300502191576941247e+00,1.833971200527848566e+00,-1.019635208412043914e+00,-4.839001991008047288e-01,1.000000000000000000e+00
5.748935803939805300e-01,5.689769826469600389e+00,-4.401035780114507467e+00,-1.714059299460680696e+00,-3.156159878698569177e+00,-8.399394186127736583e-01,-2.876045121877382371e+00,-1.307325897821805416e+00,-1.493787982904726030e+00,8.776272704666046032e-01,1.000000000000000000e+00
-4.412143590466908627e+00,-1.144567883018140497e+00,-5.400884667430147168e+00,1.042784453364894448e+00,-3.174241885869991009e+00,8.554714854825773429e-01,4.145560704742816682e+00,3.242039133914488946e+00,-2.906856931310016767e-01,-2.181725245964342363e+00,1.000000000000000000e+00
-2.321668957130142985e+00,-1.472086950849963038e+01,7.524247409205303327e+00,1.223937897070402070e-01,1.073203341058226012e+00,2.019337714123199401e+00,-7.111338924393710847e+00,3.125334826595398852e+00,2.155107310474523974e+00,2.939295656112876465e+00,-1.000000000000000000e+00
2.562506862843117794e+00,-3.289730889449512752e+00,-8.833158439550430063e-02,-4.279406766923644412e+00,-4.699962715264383029e+00,-8.632398507939439414e-01,-3.800705540662758786e+00,-3.850111006565931082e-01,2.509148164175146078e+00,-3.065485094534516453e+00,-1.000000000000000000e+00
1.380184193353571054e+01,2.921931708155307117e+00,5.139154107229698454e+00,4.702187911128302922e+00,-4.897758881731391511e+00,2.802001194729371480e+00,-6.640810270075804267e-01,-4.892947997469256016e+00,-1.230439951931722592e-01,-5.950768199707304751e-01,1.000000000000000000e+00
-3.261803555901892970e+00,-1.104790153825512000e+01,3.466797655047106907e+00,3.888581332900856724e-01,-3.663403713023871688e+00,1.686661796489112408e+00,1.278606898384346380e+00,2.076395565540275712e+00,-2.350358431002558923e+00,7.692813075644956422e-01,-1.000000000000000000e+00
7.042382260588285092e+00,1.028570497891078084e+01,-5.093183727693525675e+00,7.652200667073111084e+00,-2.197680865239244774e+00,4.066957081080500913e+00,-1.669746531700051495e+00,5.439744839995638515e+00,1.751787552140754878e+00,4.257181956890509156e+00,1.000000000000000000e+00
-4.705265035635509463e+00,3.561552393726080679e-01,-4.332110268230878525e+00,2.973145298461541852e+00,-3.320226340425163514e+00,-7.851124453371445266e-01,3.467771180254756391e+00,1.756799738446815695e+00,-3.632278119839710495e+00,-9.809877490431698210e-02,1.000000000000000000e+00
3.549060443391293340e+00,-2.411019752251311488e+00,3.869673735994823005e+00,-6.465239704297917278e+00,-4.348988887221210575e+00,6.130366691133843915e-01,-1.120699598179567991e+00,-2.271541664456032894e+00,-9.926125482195445882e-01,-5.061099578939021182e-01,-1.000000000000000000e+00
-6.358278809600372838e+00,7.237155210573443576e+00,-3.750786369774802065e+00,-1.446930911503622408e+00,-3.038910822990083527e-01,1.660216102791914894e-01,9.436096118918185782e-02,-3.635703479445061781e+00,2.427992204780701879e+00,-2.643585256963812302e+00,1.000000000000000000e+00
1.286000119304682343e+01,2.751940244132085045e+00,8.833510631924508250e-01,1.377039944491001044e+01,1.894190922998955973e+00,-8.648960388505317454e+00,-6.961340572016862183e+00,3.321878532623128599e+00,-1.670102887884593157e+00,5.490951138784486041e+00,1.000000000000000000e+00
2.292015372956762498e+00,-4.451781569179609654e+00,3.743129931965984980e+00,-4.379286596374537766e+00,-6.539748416916277840e+00,2.431622272442314436e+00,-1.984215586738812931e+00,-4.165815098594710442e+00,2.461409070542099009e+00,1.319672220539971907e-01,1.000000000000000000e+00
-6.547344709761326875e+00,4.810395708470647236e+00,7.943648994702985355e+00,-6.170547194517257417e+00,1.210535748113090060e+00,7.046549352367225794e+00,-2.443129279887232386e+00,-6.306824329149126385e+00,4.439941737793395293e-01,2.573113836699129298e+00,1.000000000000000000e+00
2.892167856327830577e+00,-5.978768266980859503e-01,-7.609462849087193170e+00,-3.465029324023029655e+00,3.984088578458537810e+00,1.389419805643234140e-01,-2.148147042312257060e+00,-5.756134505278861502e-01,4.151197365742931744e+00,1.701488329530663313e+00,-1.000000000000000000e+00
6.283600490678734829e+00,-2.869087587733181621e+00,-4.524653987606793493e+00,-3.642697216188379272e+00,3.663472492833680594e+00,1.309606061587690551e+00,4.115670265602063282e-01,-3.351335461187420872e+00,-2.507093480451886069e+00,1.158939423475131125e+00,-1.000000000000000000e+00
2.851795916656701735e+00,1.393762812456362798e+00,-8.654967567122540117e+00,6.305485887680349677e+00,-6.521921055185194938e+00,2.031842685938378343e-02,8.458229884675578791e-01,-5.228865361281243018e-01,-2.376190314408588855e-01,5.430782739180859409e+00,1.000000000000000000e+00
8.235874873331804125e+00,4.921221736246290668e+00,3.277740276444280010e+00,-1.665040442932571585e+00,-3.004571411207145104e+00,7.010518987387534651e+00,-2.125411155443306832e+00,2.770952608006540738e-02,-3.913271643559816493e+00,1.529251531084531601e+00,1.000000000000000000e+00
5.359458363095042088e+00,5.961056911081858978e+00,-1.226875043315093006e+00,-4.000157379071834107e+00,-3.733829537379634161e-02,4.110062402934170578e+00,-4.462764395066916912e+00,6.094899116965871722e-01,-6.015505119383227850e+00,1.089748059570662397e-01,1.000000000000000000e+00
-2.327237610584789174e+00,-1.212584834358580332e+00,-1.827666481793579711e+00,-5.943488728392527065e+00,9.851708648156919448e-03,2.438131777425318614e+00,2.987336100450895593e+00,-3.759167325974807627e-02,3.399182484442429431e+00,-1.770794156900986627e+00,-1.000000000000000000e+00
-5.094178730117304710e+00,-1.384587318091878183e+00,-5.395767925808958587e+00,1.386826678253004097e+00,-4.410503212440763932e+00,4.246559394067761950e+00,3.414962123893646950e+00,3.816202491068513059e+00,-1.518244182174111057e+00,-2.487588339454115616e+00,1.000000000000000000e+00
-7.824865338515610169e+00,4.842703010826761911e+00,8.361768845516547088e+00,-6.372880310939866177e+00,4.707616371325760163e+00,6.108453531277966420e+00,-4.768792167620179434e+00,-5.373960308206948255e+00,1.741620120598093457e+00,2.760203616593616793e+00,1.000000000000000000e+00
3.318075248631761287e+00,-2.646187230569823967e+00,-4.246364850468138386e+00,3.065869155722982242e+00,2.214823622098758715e+00,3.224548345306855079e+00,-4.873560133996463151e+00,-2.743717868495432644e+00,1.775401439931197700e+00,3.482499714536651525e-01,-1.000000000000000000e+00
-1.013160927932395872e+01,5.020251959363433159e+00,7.500706624921619436e+00,-3.744771028527132284e+00,1.955203361353393010e+00,-1.366813606364180700e+00,2.981159293028821655e-01,-9.425937166944545753e-01,-2.316533611564250528e+00,1.712116110559471105e+00,1.000000000000000000e+00
1.122318128171732710e+01,-3.642320675126093477e+00,3.690438546243272278e+00,1.288883099869157078e+01,-3.891785791015992313e+00,6.901177038765961003e-01,2.699303417656428561e+00,4.544988813140840911e+00,-5.068462164220847832e+00,1.726965671909075350e+00,1.000000000000000000e+00
-7.896585726166819086e+00,6.259802026320752333e+00,-8.132520104138302175e-01,1.164102422482635957e+00,-4.258884897615025977e+00,-6.016709062902768634e-01,5.098600950365038464e+00,-5.454591598096044658e-01,-2.413559861098106829e+00,-1.238660424663232673e+00,1.000000000000000000e+00
4.696991422427641893e+00,-4.405028662937669481e-01,-6.165024944335297796e+00,-1.294617080466992753e+00,9.722369413154805518e-01,4.908355580405198149e-01,-1.791598714745829879e+00,-2.796668730332290576e+00,3.148613020734531975e+00,2.146659319055220116e+00,-1.000000000000000000e+00
-2.826270511971454180e+00,7.804326099535876082e+00,-3.139877874122496415e+00,-2.561936402609333641e+00,-2.531253585481404667e+00,4.724333646645556328e+00,-1.101987938636592945e+00,6.087767402328533306e-01,-1.439122270937716275e+00,-1.746756076980984229e+00,1.000000000000000000e+00
