,mean_fit_time,std_fit_time,mean_score_time,std_score_time,param_C,param_gamma_factor,param_max_vmap,param_t,param_trotter_steps,params,split0_test_accuracy,split1_test_accuracy,split2_test_accuracy,split3_test_accuracy,split4_test_accuracy,mean_test_accuracy,std_test_accuracy,rank_test_accuracy,split0_test_roc_auc,split1_test_roc_auc,split2_test_roc_auc,split3_test_roc_auc,split4_test_roc_auc,mean_test_roc_auc,std_test_roc_auc,rank_test_roc_auc
0,3.8159339427948,0.02443987534227399,8.611990118026734,0.10869041933300737,0.1,0.1,100,0.01,1,"{'C': 0.1, 'gamma_factor': 0.1, 'max_vmap': 100, 't': 0.01, 'trotter_steps': 1}",0.5,0.4583333333333333,0.6041666666666666,0.5416666666666666,0.5208333333333334,0.525,0.04823265376162593,89,0.2743055555555556,0.3871527777777778,0.1892361111111111,0.2725694444444444,0.34375,0.2934027777777778,0.06778396772736307,99
1,5.996248245239258,0.11681947360932886,14.913684034347535,0.31161586467408964,0.1,0.1,100,0.01,3,"{'C': 0.1, 'gamma_factor': 0.1, 'max_vmap': 100, 't': 0.01, 'trotter_steps': 3}",0.5,0.4583333333333333,0.6041666666666666,0.5416666666666666,0.5208333333333334,0.525,0.04823265376162593,89,0.2743055555555556,0.3888888888888889,0.1892361111111111,0.2743055555555556,0.34375,0.29409722222222223,0.06816176519551045,88
2,7.935845756530762,0.08040215162264132,21.211058712005617,0.7677473959349753,0.1,0.1,100,0.01,5,"{'C': 0.1, 'gamma_factor': 0.1, 'max_vmap': 100, 't': 0.01, 'trotter_steps': 5}",0.5,0.4583333333333333,0.6041666666666666,0.5416666666666666,0.5208333333333334,0.525,0.04823265376162593,89,0.2743055555555556,0.3888888888888889,0.1892361111111111,0.2743055555555556,0.34201388888888884,0.29375,0.06791190905853928,96
3,3.6687551498413087,0.5586067803539293,8.55644736289978,0.2054264009190685,0.1,0.1,100,0.1,1,"{'C': 0.1, 'gamma_factor': 0.1, 'max_vmap': 100, 't': 0.1, 'trotter_steps': 1}",0.7708333333333334,0.5625,0.8125,0.7291666666666666,0.6875,0.7125,0.08579691784155834,62,0.3072916666666667,0.41666666666666663,0.2013888888888889,0.34722222222222227,0.3715277777777778,0.32881944444444444,0.07291335971337047,83
4,5.714779901504516,0.49544860032483845,15.71927227973938,1.293201202028965,0.1,0.1,100,0.1,3,"{'C': 0.1, 'gamma_factor': 0.1, 'max_vmap': 100, 't': 0.1, 'trotter_steps': 3}",0.7708333333333334,0.6041666666666666,0.8125,0.7291666666666666,0.7083333333333334,0.725,0.07021791477646967,59,0.3038194444444445,0.41666666666666663,0.2048611111111111,0.3472222222222222,0.359375,0.32638888888888895,0.07064073762163299,84
5,7.917535305023193,0.13065808617037375,21.413132238388062,0.5656969421175906,0.1,0.1,100,0.1,5,"{'C': 0.1, 'gamma_factor': 0.1, 'max_vmap': 100, 't': 0.1, 'trotter_steps': 5}",0.7708333333333334,0.6041666666666666,0.8125,0.7291666666666666,0.7083333333333334,0.725,0.07021791477646967,59,0.3055555555555556,0.41666666666666663,0.20486111111111113,0.3454861111111111,0.3524305555555556,0.325,0.06983742971720945,85
6,3.2945091247558596,0.06262718397643435,9.039304971694946,0.7353841317864622,0.1,0.1,100,1.0,1,"{'C': 0.1, 'gamma_factor': 0.1, 'max_vmap': 100, 't': 1.0, 'trotter_steps': 1}",0.625,0.7291666666666666,0.5833333333333334,0.6875,0.625,0.65,0.05170697352496188,73,0.3159722222222222,0.5,0.5,0.2282986111111111,0.5,0.4088541666666667,0.11502178319591425,82
7,5.631646347045899,0.27758478033556794,14.699555349349975,0.5589672369548713,0.1,0.1,100,1.0,3,"{'C': 0.1, 'gamma_factor': 0.1, 'max_vmap': 100, 't': 1.0, 'trotter_steps': 3}",0.5208333333333334,0.5625,0.8333333333333334,0.7916666666666666,0.6458333333333334,0.6708333333333334,0.12318121249245402,67,0.4210069444444444,0.37499999999999994,0.14583333333333334,0.13888888888888887,0.2300347222222222,0.2621527777777778,0.11638291178964288,105
8,8.62396960258484,1.1451381265911722,22.552524852752686,1.398335239303822,0.1,0.1,100,1.0,5,"{'C': 0.1, 'gamma_factor': 0.1, 'max_vmap': 100, 't': 1.0, 'trotter_steps': 5}",0.5625,0.5833333333333334,0.7291666666666666,0.6041666666666666,0.6458333333333334,0.625,0.05892556509887895,75,0.3940972222222222,0.40798611111111116,0.1440972222222222,0.20486111111111108,0.28298611111111105,0.28680555555555554,0.1032389241660478,104
9,3.245873737335205,0.03019392906887347,8.56017255783081,0.11777942658189855,0.1,1.0,100,0.01,1,"{'C': 0.1, 'gamma_factor': 1.0, 'max_vmap': 100, 't': 0.01, 'trotter_steps': 1}",0.5,0.4583333333333333,0.6041666666666666,0.5416666666666666,0.5208333333333334,0.525,0.04823265376162593,89,0.2743055555555556,0.3871527777777778,0.1892361111111111,0.2725694444444444,0.34375,0.2934027777777778,0.06778396772736307,99
10,5.589896488189697,0.08044451170422054,14.341168737411499,0.20820975132336447,0.1,1.0,100,0.01,3,"{'C': 0.1, 'gamma_factor': 1.0, 'max_vmap': 100, 't': 0.01, 'trotter_steps': 3}",0.5,0.4583333333333333,0.6041666666666666,0.5416666666666666,0.5208333333333334,0.525,0.04823265376162593,89,0.2743055555555556,0.3888888888888889,0.1892361111111111,0.2743055555555556,0.34375,0.29409722222222223,0.06816176519551045,88
11,7.92614164352417,0.1919802903330992,21.615608072280885,0.5484545981915402,0.1,1.0,100,0.01,5,"{'C': 0.1, 'gamma_factor': 1.0, 'max_vmap': 100, 't': 0.01, 'trotter_steps': 5}",0.5,0.4583333333333333,0.6041666666666666,0.5416666666666666,0.5208333333333334,0.525,0.04823265376162593,89,0.2743055555555556,0.3888888888888889,0.1892361111111111,0.2760416666666667,0.34375,0.29444444444444445,0.0680644126889475,86
12,3.2568015575408937,0.01853309232486719,8.331395864486694,0.06223896628611135,0.1,1.0,100,0.1,1,"{'C': 0.1, 'gamma_factor': 1.0, 'max_vmap': 100, 't': 0.1, 'trotter_steps': 1}",0.6875,0.6041666666666666,0.7291666666666666,0.6458333333333334,0.6458333333333334,0.6625,0.042491829279939865,70,0.7074652777777777,0.5833333333333334,0.15625,0.6875,0.6284722222222222,0.5526041666666667,0.20296586834100888,80
13,5.308504629135132,0.044592003275654706,14.859254169464112,0.14089181103735104,0.1,1.0,100,0.1,3,"{'C': 0.1, 'gamma_factor': 1.0, 'max_vmap': 100, 't': 0.1, 'trotter_steps': 3}",0.6875,0.6041666666666666,0.75,0.6458333333333334,0.6458333333333334,0.6666666666666667,0.04930066485916347,68,0.7118055555555556,0.59375,0.15625,0.6666666666666666,0.6510416666666666,0.5559027777777777,0.20336198189192675,78
14,8.626117038726807,1.648494127212655,22.32444758415222,2.0808024411458987,0.1,1.0,100,0.1,5,"{'C': 0.1, 'gamma_factor': 1.0, 'max_vmap': 100, 't': 0.1, 'trotter_steps': 5}",0.6875,0.6041666666666666,0.75,0.6458333333333334,0.6458333333333334,0.6666666666666667,0.04930066485916347,68,0.7118055555555556,0.5954861111111112,0.1545138888888889,0.6631944444444444,0.6493055555555556,0.554861111111111,0.20357588845713312,79
15,3.24836745262146,0.015736773511647848,8.539456033706665,0.13267905905180538,0.1,1.0,100,1.0,1,"{'C': 0.1, 'gamma_factor': 1.0, 'max_vmap': 100, 't': 1.0, 'trotter_steps': 1}",0.6666666666666666,0.7291666666666666,0.6875,0.7708333333333334,0.7291666666666666,0.7166666666666666,0.03632415786283896,61,0.8020833333333334,0.8159722222222222,0.8645833333333333,0.8767361111111112,0.8758680555555556,0.8470486111111111,0.03164488163906791,48
16,5.415077590942383,0.156066669675188,14.922731494903564,0.45505534407234116,0.1,1.0,100,1.0,3,"{'C': 0.1, 'gamma_factor': 1.0, 'max_vmap': 100, 't': 1.0, 'trotter_steps': 3}",0.7083333333333334,0.7916666666666666,0.8958333333333334,0.9375,0.875,0.8416666666666668,0.08186201126828542,40,0.8020833333333334,0.875,0.9375000000000001,0.9670138888888888,0.9149305555555555,0.8993055555555556,0.057149444684771664,42
17,8.396785736083984,0.32181053363761547,22.284864282608034,0.36476370199093033,0.1,1.0,100,1.0,5,"{'C': 0.1, 'gamma_factor': 1.0, 'max_vmap': 100, 't': 1.0, 'trotter_steps': 5}",0.7291666666666666,0.7708333333333334,0.8958333333333334,0.9166666666666666,0.875,0.8375,0.07383352144445562,42,0.8229166666666667,0.8819444444444444,0.9513888888888888,0.939236111111111,0.9618055555555556,0.9114583333333334,0.05217584376739396,39
18,3.2985867500305175,0.06152805275324247,8.607430362701416,0.22228391638259343,0.1,10.0,100,0.01,1,"{'C': 0.1, 'gamma_factor': 10.0, 'max_vmap': 100, 't': 0.01, 'trotter_steps': 1}",0.5208333333333334,0.4583333333333333,0.6041666666666666,0.5416666666666666,0.5208333333333334,0.5291666666666667,0.04677071733467426,82,0.27517361111111116,0.3854166666666667,0.18836805555555558,0.2760416666666667,0.34374999999999994,0.29375000000000007,0.06733022989158054,93
19,5.399321699142456,0.1390339291432665,15.071120166778565,0.4602236738365759,0.1,10.0,100,0.01,3,"{'C': 0.1, 'gamma_factor': 10.0, 'max_vmap': 100, 't': 0.01, 'trotter_steps': 3}",0.5208333333333334,0.4583333333333333,0.6041666666666666,0.5416666666666666,0.5208333333333334,0.5291666666666667,0.04677071733467426,82,0.2743055555555556,0.3854166666666667,0.1892361111111111,0.2760416666666667,0.34374999999999994,0.29375000000000007,0.06710827406163015,93
20,8.3528311252594,0.12715451747925552,22.104437112808228,0.5744564592263947,0.1,10.0,100,0.01,5,"{'C': 0.1, 'gamma_factor': 10.0, 'max_vmap': 100, 't': 0.01, 'trotter_steps': 5}",0.5208333333333334,0.4583333333333333,0.6041666666666666,0.5416666666666666,0.5208333333333334,0.5291666666666667,0.04677071733467426,82,0.2743055555555556,0.3854166666666667,0.1892361111111111,0.2760416666666667,0.34374999999999994,0.29375000000000007,0.06710827406163015,93
21,3.2951265811920165,0.05769008722679727,8.699650716781616,0.2094494118047253,0.1,10.0,100,0.1,1,"{'C': 0.1, 'gamma_factor': 10.0, 'max_vmap': 100, 't': 0.1, 'trotter_steps': 1}",0.7916666666666666,0.7708333333333334,0.875,0.8541666666666666,0.8125,0.8208333333333332,0.038640077064565424,48,0.9288194444444444,0.8888888888888888,0.9652777777777777,0.9722222222222222,0.8975694444444444,0.9305555555555556,0.033967491948321105,27
22,5.430794954299927,0.16300926140543123,15.431622982025146,0.7051551314136829,0.1,10.0,100,0.1,3,"{'C': 0.1, 'gamma_factor': 10.0, 'max_vmap': 100, 't': 0.1, 'trotter_steps': 3}",0.7916666666666666,0.7708333333333334,0.8541666666666666,0.8333333333333334,0.8125,0.8125,0.02946278254943947,49,0.9322916666666666,0.8854166666666666,0.9618055555555556,0.9704861111111112,0.890625,0.928125,0.035146710811457156,31
23,7.945312070846557,0.09870605659411977,23.019675731658936,0.281298247218346,0.1,10.0,100,0.1,5,"{'C': 0.1, 'gamma_factor': 10.0, 'max_vmap': 100, 't': 0.1, 'trotter_steps': 5}",0.8125,0.7708333333333334,0.8541666666666666,0.8333333333333334,0.7916666666666666,0.8125,0.02946278254943947,49,0.9322916666666666,0.8871527777777778,0.9618055555555556,0.9704861111111112,0.8871527777777778,0.9277777777777778,0.03550506397545617,32
24,3.326631021499634,0.07844897623470243,8.863439559936523,0.30357498765330054,0.1,10.0,100,1.0,1,"{'C': 0.1, 'gamma_factor': 10.0, 'max_vmap': 100, 't': 1.0, 'trotter_steps': 1}",0.8333333333333334,0.7083333333333334,0.8541666666666666,0.7916666666666666,0.7708333333333334,0.7916666666666667,0.05103103630798286,53,0.08680555555555554,0.07465277777777776,0.013888888888888885,0.04340277777777778,0.1623263888888889,0.07621527777777778,0.049981912237587765,108
25,5.495856618881225,0.1894825087813766,15.428703022003173,0.7976247147053827,0.1,10.0,100,1.0,3,"{'C': 0.1, 'gamma_factor': 10.0, 'max_vmap': 100, 't': 1.0, 'trotter_steps': 3}",0.7916666666666666,0.7916666666666666,0.8958333333333334,0.7708333333333334,0.8125,0.8125,0.04370036867375633,49,0.20833333333333331,0.2734375,0.006944444444444442,0.032986111111111105,0.4791666666666667,0.20017361111111112,0.17237196670980873,106
26,8.119104051589966,0.2815586355831649,24.189469003677367,1.298500886815241,0.1,10.0,100,1.0,5,"{'C': 0.1, 'gamma_factor': 10.0, 'max_vmap': 100, 't': 1.0, 'trotter_steps': 5}",0.9166666666666666,0.7916666666666666,0.9166666666666666,0.7708333333333334,0.8125,0.8416666666666668,0.0626387349098871,40,0.037326388888888874,0.23697916666666669,0.030381944444444434,0.034722222222222224,0.3819444444444444,0.14427083333333332,0.1424726443176304,107
27,3.3937888622283934,0.10862640455802611,8.946467447280884,0.30437202754734793,1.0,0.1,100,0.01,1,"{'C': 1.0, 'gamma_factor': 0.1, 'max_vmap': 100, 't': 0.01, 'trotter_steps': 1}",0.5,0.4583333333333333,0.6041666666666666,0.5416666666666666,0.5208333333333334,0.525,0.04823265376162593,89,0.2743055555555556,0.3871527777777778,0.1892361111111111,0.2725694444444444,0.34375,0.2934027777777778,0.06778396772736307,99
28,5.617392826080322,0.18649811621073611,14.999231624603272,0.5653945781557577,1.0,0.1,100,0.01,3,"{'C': 1.0, 'gamma_factor': 0.1, 'max_vmap': 100, 't': 0.01, 'trotter_steps': 3}",0.5,0.4583333333333333,0.6041666666666666,0.5416666666666666,0.5208333333333334,0.525,0.04823265376162593,89,0.2743055555555556,0.3888888888888889,0.1892361111111111,0.2743055555555556,0.34375,0.29409722222222223,0.06816176519551045,88
29,8.223723316192627,0.1343734033530387,23.296210527420044,0.3891375423156591,1.0,0.1,100,0.01,5,"{'C': 1.0, 'gamma_factor': 0.1, 'max_vmap': 100, 't': 0.01, 'trotter_steps': 5}",0.5,0.4583333333333333,0.6041666666666666,0.5416666666666666,0.5208333333333334,0.525,0.04823265376162593,89,0.2743055555555556,0.3888888888888889,0.1892361111111111,0.2743055555555556,0.34201388888888884,0.29375,0.06791190905853928,96
30,3.381357526779175,0.11261458737599865,8.360439729690551,0.287981606718678,1.0,0.1,100,0.1,1,"{'C': 1.0, 'gamma_factor': 0.1, 'max_vmap': 100, 't': 0.1, 'trotter_steps': 1}",0.6875,0.5625,0.75,0.6458333333333334,0.625,0.6541666666666667,0.06263873490988713,72,0.6822916666666666,0.5486111111111112,0.2569444444444445,0.640625,0.6041666666666667,0.5465277777777778,0.15130843300407332,81
31,5.5636683940887455,0.23919066705105102,15.318807411193848,0.7845214202400888,1.0,0.1,100,0.1,3,"{'C': 1.0, 'gamma_factor': 0.1, 'max_vmap': 100, 't': 0.1, 'trotter_steps': 3}",0.6875,0.5833333333333334,0.75,0.6458333333333334,0.625,0.6583333333333334,0.05682575707077439,71,0.6892361111111112,0.5607638888888888,0.5,0.6440972222222223,0.6197916666666666,0.6027777777777777,0.06603067585842955,77
32,8.228557538986205,0.13769012368047012,23.76434407234192,0.37649991483916345,1.0,0.1,100,0.1,5,"{'C': 1.0, 'gamma_factor': 0.1, 'max_vmap': 100, 't': 0.1, 'trotter_steps': 5}",0.6875,0.5833333333333334,0.7291666666666666,0.625,0.625,0.65,0.05170697352496188,73,0.6909722222222223,0.5642361111111112,0.5,0.6440972222222222,0.6197916666666666,0.6038194444444445,0.06605805819481177,76
33,3.549651050567627,0.30233142159864135,8.450017833709717,0.37835078311263143,1.0,0.1,100,1.0,1,"{'C': 1.0, 'gamma_factor': 0.1, 'max_vmap': 100, 't': 1.0, 'trotter_steps': 1}",0.6875,0.6666666666666666,0.6666666666666666,0.7291666666666666,0.7291666666666666,0.6958333333333332,0.02825970826302195,63,0.8038194444444445,0.7395833333333334,0.828125,0.8541666666666666,0.8098958333333334,0.8071180555555555,0.03803787352798343,55
34,5.589288282394409,0.2637770980951005,15.475295066833496,0.8543040410357191,1.0,0.1,100,1.0,3,"{'C': 1.0, 'gamma_factor': 0.1, 'max_vmap': 100, 't': 1.0, 'trotter_steps': 3}",0.6666666666666666,0.8125,0.8333333333333334,0.875,0.8125,0.8,0.07046472718869903,52,0.685763888888889,0.8020833333333333,0.8871527777777778,0.8871527777777778,0.828125,0.8180555555555555,0.07403572502682007,51
35,8.309775924682617,0.23882215779285038,24.14979681968689,0.22563401457573026,1.0,0.1,100,1.0,5,"{'C': 1.0, 'gamma_factor': 0.1, 'max_vmap': 100, 't': 1.0, 'trotter_steps': 5}",0.7083333333333334,0.6875,0.8958333333333334,0.8333333333333334,0.8125,0.7875000000000001,0.07839536550927825,54,0.7526041666666666,0.75,0.939236111111111,0.9149305555555556,0.8810763888888888,0.8475694444444443,0.08074801900543734,47
36,3.3990588665008543,0.12171344519268257,8.475750875473022,0.3750181773952886,1.0,1.0,100,0.01,1,"{'C': 1.0, 'gamma_factor': 1.0, 'max_vmap': 100, 't': 0.01, 'trotter_steps': 1}",0.5,0.4583333333333333,0.6041666666666666,0.5416666666666666,0.5208333333333334,0.525,0.04823265376162593,89,0.2743055555555556,0.3871527777777778,0.1892361111111111,0.2725694444444444,0.34375,0.2934027777777778,0.06778396772736307,99
37,5.624907445907593,0.2785916467700078,15.521581745147705,0.7827906039190237,1.0,1.0,100,0.01,3,"{'C': 1.0, 'gamma_factor': 1.0, 'max_vmap': 100, 't': 0.01, 'trotter_steps': 3}",0.5,0.4583333333333333,0.6041666666666666,0.5416666666666666,0.5208333333333334,0.525,0.04823265376162593,89,0.2743055555555556,0.3888888888888889,0.1892361111111111,0.2743055555555556,0.34375,0.29409722222222223,0.06816176519551045,88
38,8.258379793167114,0.3149577229976613,24.192013216018676,0.5714577451750499,1.0,1.0,100,0.01,5,"{'C': 1.0, 'gamma_factor': 1.0, 'max_vmap': 100, 't': 0.01, 'trotter_steps': 5}",0.5,0.4583333333333333,0.6041666666666666,0.5416666666666666,0.5208333333333334,0.525,0.04823265376162593,89,0.2743055555555556,0.3888888888888889,0.1892361111111111,0.2760416666666667,0.34375,0.29444444444444445,0.0680644126889475,86
39,3.345492649078369,0.11393074249698658,8.31407971382141,0.38388229050444006,1.0,1.0,100,0.1,1,"{'C': 1.0, 'gamma_factor': 1.0, 'max_vmap': 100, 't': 0.1, 'trotter_steps': 1}",0.7708333333333334,0.6875,0.7708333333333334,0.7708333333333334,0.7083333333333334,0.7416666666666668,0.03632415786283896,58,0.875,0.7395833333333335,0.9236111111111112,0.8420138888888888,0.7630208333333334,0.8286458333333334,0.06867981827488771,50
40,5.619215869903565,0.27782713598161163,15.751162719726562,0.9203164457911495,1.0,1.0,100,0.1,3,"{'C': 1.0, 'gamma_factor': 1.0, 'max_vmap': 100, 't': 0.1, 'trotter_steps': 3}",0.7916666666666666,0.6875,0.7916666666666666,0.7708333333333334,0.6875,0.7458333333333333,0.04823265376162592,56,0.8576388888888888,0.71875,0.8993055555555556,0.8159722222222222,0.732638888888889,0.8048611111111112,0.0699426572889676,56
41,8.186429357528686,0.13247252909306328,23.865214586257935,0.935534898195631,1.0,1.0,100,0.1,5,"{'C': 1.0, 'gamma_factor': 1.0, 'max_vmap': 100, 't': 0.1, 'trotter_steps': 5}",0.7916666666666666,0.6875,0.7916666666666666,0.7708333333333334,0.6875,0.7458333333333333,0.04823265376162592,56,0.8524305555555556,0.7222222222222222,0.8940972222222223,0.8038194444444444,0.734375,0.8013888888888889,0.06627852868159896,57
42,3.362020397186279,0.12664736853843084,8.33414158821106,0.3656516546145342,1.0,1.0,100,1.0,1,"{'C': 1.0, 'gamma_factor': 1.0, 'max_vmap': 100, 't': 1.0, 'trotter_steps': 1}",0.7916666666666666,0.7916666666666666,0.8541666666666666,0.8541666666666666,0.8541666666666666,0.8291666666666666,0.03061862178478973,45,0.9010416666666667,0.842013888888889,0.9305555555555556,0.9826388888888888,0.9114583333333334,0.9135416666666668,0.04547683323529803,38
43,5.72872633934021,0.22178818538222808,16.073131799697876,0.7677035363400974,1.0,1.0,100,1.0,3,"{'C': 1.0, 'gamma_factor': 1.0, 'max_vmap': 100, 't': 1.0, 'trotter_steps': 3}",0.8541666666666666,0.875,0.8958333333333334,0.9791666666666666,0.8333333333333334,0.8875,0.050346024889977366,22,0.9253472222222221,0.9479166666666666,0.982638888888889,0.984375,0.9444444444444444,0.9569444444444445,0.023016407526634152,19
44,8.199776649475098,0.4549970090746649,23.240083360671996,1.3411259222386378,1.0,1.0,100,1.0,5,"{'C': 1.0, 'gamma_factor': 1.0, 'max_vmap': 100, 't': 1.0, 'trotter_steps': 5}",0.8541666666666666,0.8333333333333334,0.8958333333333334,0.9375,0.8333333333333334,0.8708333333333333,0.04039733214513607,26,0.9479166666666666,0.9270833333333333,0.9809027777777777,0.984375,0.953125,0.9586805555555555,0.021443607856450712,17
45,3.4788727283477785,0.10170421094763729,8.715975618362426,0.3782107550658315,1.0,10.0,100,0.01,1,"{'C': 1.0, 'gamma_factor': 10.0, 'max_vmap': 100, 't': 0.01, 'trotter_steps': 1}",0.5208333333333334,0.4583333333333333,0.6041666666666666,0.5208333333333334,0.5208333333333334,0.5250000000000001,0.04639803635691684,88,0.7135416666666665,0.6076388888888888,0.6961805555555556,0.6788194444444444,0.6319444444444444,0.665625,0.03975049984156576,72
46,5.622815275192261,0.2637149521034068,15.91510992050171,0.8930297564257305,1.0,10.0,100,0.01,3,"{'C': 1.0, 'gamma_factor': 10.0, 'max_vmap': 100, 't': 0.01, 'trotter_steps': 3}",0.5208333333333334,0.4375,0.6041666666666666,0.5208333333333334,0.5208333333333334,0.5208333333333334,0.05270462766947298,107,0.7135416666666665,0.6076388888888888,0.6901041666666667,0.6788194444444444,0.6302083333333334,0.6640625000000001,0.03917614640991202,74
47,8.403597688674926,0.2411919634517747,24.600538635253905,1.1164472396456626,1.0,10.0,100,0.01,5,"{'C': 1.0, 'gamma_factor': 10.0, 'max_vmap': 100, 't': 0.01, 'trotter_steps': 5}",0.5208333333333334,0.4375,0.6041666666666666,0.5208333333333334,0.5208333333333334,0.5208333333333334,0.05270462766947298,107,0.7135416666666666,0.6076388888888888,0.6901041666666667,0.6788194444444444,0.6284722222222222,0.6637152777777778,0.039481166884734395,75
48,3.528791618347168,0.3013549596063616,8.455940580368042,0.359991244027025,1.0,10.0,100,0.1,1,"{'C': 1.0, 'gamma_factor': 10.0, 'max_vmap': 100, 't': 0.1, 'trotter_steps': 1}",0.8333333333333334,0.8125,0.875,0.9375,0.8333333333333334,0.8583333333333334,0.044487826050130456,30,0.9375,0.954861111111111,0.970486111111111,0.9913194444444444,0.892361111111111,0.9493055555555555,0.03354605158823456,24
49,5.671762275695801,0.3678957493847588,15.792726755142212,0.8295078809213621,1.0,10.0,100,0.1,3,"{'C': 1.0, 'gamma_factor': 10.0, 'max_vmap': 100, 't': 0.1, 'trotter_steps': 3}",0.8333333333333334,0.8125,0.8541666666666666,0.9375,0.8333333333333334,0.8541666666666666,0.04370036867375631,33,0.9357638888888888,0.954861111111111,0.9722222222222221,0.9930555555555555,0.8958333333333333,0.9503472222222221,0.033188342070412546,22
50,8.068256425857545,0.1737336028062082,23.526859951019286,0.457736178015645,1.0,10.0,100,0.1,5,"{'C': 1.0, 'gamma_factor': 10.0, 'max_vmap': 100, 't': 0.1, 'trotter_steps': 5}",0.8333333333333334,0.8125,0.8541666666666666,0.9375,0.8333333333333334,0.8541666666666666,0.04370036867375631,33,0.9375,0.954861111111111,0.970486111111111,0.9930555555555555,0.8958333333333333,0.9503472222222221,0.032823061939156864,22
51,3.3633811473846436,0.07900076589602247,8.326019716262817,0.24883142729550925,1.0,10.0,100,1.0,1,"{'C': 1.0, 'gamma_factor': 10.0, 'max_vmap': 100, 't': 1.0, 'trotter_steps': 1}",0.8541666666666666,0.75,0.9375,0.9166666666666666,0.8125,0.8541666666666666,0.06846531968814576,33,0.8940972222222222,0.9288194444444444,0.9878472222222222,0.951388888888889,0.8541666666666667,0.9232638888888889,0.046082550559288504,35
52,5.50138292312622,0.12421960161652762,15.534692335128785,0.5685484330313737,1.0,10.0,100,1.0,3,"{'C': 1.0, 'gamma_factor': 10.0, 'max_vmap': 100, 't': 1.0, 'trotter_steps': 3}",0.9166666666666666,0.8541666666666666,0.9583333333333334,0.9375,0.7916666666666666,0.8916666666666666,0.0609530784930325,20,0.9791666666666666,0.9409722222222223,0.9930555555555556,0.9635416666666667,0.9461805555555556,0.9645833333333333,0.019598841377319536,8
53,7.879397344589234,0.0924649077398962,22.41446394920349,0.0965887340457901,1.0,10.0,100,1.0,5,"{'C': 1.0, 'gamma_factor': 10.0, 'max_vmap': 100, 't': 1.0, 'trotter_steps': 5}",0.9166666666666666,0.8125,0.9583333333333334,0.9375,0.8333333333333334,0.8916666666666666,0.05803495115493383,20,0.9826388888888888,0.935763888888889,0.9826388888888888,0.96875,0.9392361111111112,0.9618055555555556,0.02051257706630819,12
54,3.36511435508728,0.07812982580920853,8.25958685874939,0.20961371499020912,10.0,0.1,100,0.01,1,"{'C': 10.0, 'gamma_factor': 0.1, 'max_vmap': 100, 't': 0.01, 'trotter_steps': 1}",0.5,0.4583333333333333,0.6041666666666666,0.5416666666666666,0.5208333333333334,0.525,0.04823265376162593,89,0.2743055555555556,0.3871527777777778,0.1892361111111111,0.2725694444444444,0.34375,0.2934027777777778,0.06778396772736307,99
55,5.537431764602661,0.22249338272763167,15.464563465118408,0.8874567126952918,10.0,0.1,100,0.01,3,"{'C': 10.0, 'gamma_factor': 0.1, 'max_vmap': 100, 't': 0.01, 'trotter_steps': 3}",0.5,0.4583333333333333,0.6041666666666666,0.5416666666666666,0.5208333333333334,0.525,0.04823265376162593,89,0.2743055555555556,0.3888888888888889,0.1892361111111111,0.2743055555555556,0.34375,0.29409722222222223,0.06816176519551045,88
56,7.969182348251342,0.20239509134675868,22.102951860427858,0.7029559448284151,10.0,0.1,100,0.01,5,"{'C': 10.0, 'gamma_factor': 0.1, 'max_vmap': 100, 't': 0.01, 'trotter_steps': 5}",0.5,0.4583333333333333,0.6041666666666666,0.5416666666666666,0.5208333333333334,0.525,0.04823265376162593,89,0.2743055555555556,0.3888888888888889,0.1892361111111111,0.2743055555555556,0.34201388888888884,0.29375,0.06791190905853928,96
57,3.4449766159057615,0.17239137589484427,8.478686857223511,0.2745748419940352,10.0,0.1,100,0.1,1,"{'C': 10.0, 'gamma_factor': 0.1, 'max_vmap': 100, 't': 0.1, 'trotter_steps': 1}",0.7083333333333334,0.6041666666666666,0.7708333333333334,0.6666666666666666,0.6458333333333334,0.6791666666666667,0.056825757070774426,65,0.7196180555555555,0.6145833333333334,0.845486111111111,0.703125,0.6371527777777778,0.7039930555555556,0.08090352288641141,60
58,5.642065763473511,0.3075001690590922,15.200034427642823,0.9216257907364283,10.0,0.1,100,0.1,3,"{'C': 10.0, 'gamma_factor': 0.1, 'max_vmap': 100, 't': 0.1, 'trotter_steps': 3}",0.7083333333333334,0.625,0.7916666666666666,0.6458333333333334,0.625,0.6791666666666667,0.06400954789890506,65,0.7309027777777778,0.6302083333333334,0.84375,0.7100694444444444,0.6631944444444445,0.715625,0.0731098631056941,58
59,8.059061813354493,0.2602651447375959,23.065995931625366,0.5295342745280105,10.0,0.1,100,0.1,5,"{'C': 10.0, 'gamma_factor': 0.1, 'max_vmap': 100, 't': 0.1, 'trotter_steps': 5}",0.7083333333333334,0.625,0.8125,0.6458333333333334,0.625,0.6833333333333333,0.07144345083117602,64,0.7291666666666666,0.6215277777777778,0.8420138888888888,0.7118055555555556,0.6666666666666666,0.714236111111111,0.07404549506557553,59
60,3.402774524688721,0.1042386582802526,8.539518451690673,0.44953377901442304,10.0,0.1,100,1.0,1,"{'C': 10.0, 'gamma_factor': 0.1, 'max_vmap': 100, 't': 1.0, 'trotter_steps': 1}",0.6875,0.75,0.7916666666666666,0.7916666666666666,0.75,0.7541666666666667,0.03818813079129866,55,0.8489583333333334,0.7239583333333334,0.8524305555555555,0.9184027777777778,0.8333333333333334,0.8354166666666666,0.06290762137579589,49
61,5.541518688201904,0.19743990788916557,14.477987146377563,0.6332216861593414,10.0,0.1,100,1.0,3,"{'C': 10.0, 'gamma_factor': 0.1, 'max_vmap': 100, 't': 1.0, 'trotter_steps': 3}",0.75,0.8541666666666666,0.875,0.8958333333333334,0.8541666666666666,0.8458333333333334,0.05034602488997739,39,0.84375,0.8975694444444444,0.9548611111111112,0.9427083333333333,0.888888888888889,0.9055555555555556,0.039932065188854345,41
62,8.086886548995972,0.13457057327724914,23.36520643234253,0.280941757475436,10.0,0.1,100,1.0,5,"{'C': 10.0, 'gamma_factor': 0.1, 'max_vmap': 100, 't': 1.0, 'trotter_steps': 5}",0.8333333333333334,0.7916666666666666,0.8958333333333334,0.875,0.9166666666666666,0.8625,0.044876373392787536,29,0.8958333333333333,0.8628472222222222,0.9774305555555556,0.9670138888888888,0.9114583333333333,0.9229166666666666,0.04333466878284083,36
63,3.3906979084014894,0.11594198822982929,8.42687792778015,0.34938203173128735,10.0,1.0,100,0.01,1,"{'C': 10.0, 'gamma_factor': 1.0, 'max_vmap': 100, 't': 0.01, 'trotter_steps': 1}",0.5208333333333334,0.4583333333333333,0.6041666666666666,0.5416666666666666,0.5208333333333334,0.5291666666666667,0.04677071733467426,82,0.7118055555555555,0.6041666666666666,0.7274305555555556,0.6805555555555556,0.6380208333333333,0.6723958333333332,0.04579385926405742,66
64,5.568805456161499,0.2272900857432173,14.482405185699463,0.6321622324925414,10.0,1.0,100,0.01,3,"{'C': 10.0, 'gamma_factor': 1.0, 'max_vmap': 100, 't': 0.01, 'trotter_steps': 3}",0.5208333333333334,0.4583333333333333,0.6041666666666666,0.5416666666666666,0.5208333333333334,0.5291666666666667,0.04677071733467426,82,0.7118055555555555,0.6041666666666666,0.6987847222222222,0.6805555555555556,0.6371527777777778,0.6664930555555555,0.040097777870144576,71
65,8.078970193862915,0.07453517094750355,23.395467710494994,0.1433202482071489,10.0,1.0,100,0.01,5,"{'C': 10.0, 'gamma_factor': 1.0, 'max_vmap': 100, 't': 0.01, 'trotter_steps': 5}",0.5208333333333334,0.4583333333333333,0.6041666666666666,0.5416666666666666,0.5208333333333334,0.5291666666666667,0.04677071733467426,82,0.7118055555555555,0.6041666666666666,0.6892361111111112,0.6805555555555556,0.6371527777777778,0.6645833333333332,0.038718002519962234,73
66,3.3884377002716066,0.11709730873445837,8.386329221725465,0.29741180668548345,10.0,1.0,100,0.1,1,"{'C': 10.0, 'gamma_factor': 1.0, 'max_vmap': 100, 't': 0.1, 'trotter_steps': 1}",0.8541666666666666,0.8333333333333334,0.8541666666666666,0.9375,0.8541666666666666,0.8666666666666666,0.03632415786283895,28,0.9652777777777777,0.9105902777777779,0.9774305555555556,0.9583333333333334,0.8402777777777779,0.9303819444444444,0.05044411175245155,28
67,5.570221948623657,0.22828862463778712,14.631055545806884,0.7318004994787629,10.0,1.0,100,0.1,3,"{'C': 10.0, 'gamma_factor': 1.0, 'max_vmap': 100, 't': 0.1, 'trotter_steps': 3}",0.875,0.8541666666666666,0.875,0.9791666666666666,0.8541666666666666,0.8875,0.046770717334674264,22,0.9670138888888888,0.923611111111111,0.9756944444444444,0.9600694444444445,0.8229166666666666,0.9298611111111112,0.05633780869249004,29
68,8.204990196228028,0.16414393291383791,23.47508497238159,0.5428286086599752,10.0,1.0,100,0.1,5,"{'C': 10.0, 'gamma_factor': 1.0, 'max_vmap': 100, 't': 0.1, 'trotter_steps': 5}",0.875,0.8541666666666666,0.875,0.9791666666666666,0.8541666666666666,0.8875,0.046770717334674264,22,0.9670138888888888,0.9236111111111112,0.9739583333333334,0.9600694444444445,0.8211805555555556,0.9291666666666668,0.0567195763339799,30
69,3.4126110076904297,0.1355090389051745,8.468834400177002,0.34740470480234864,10.0,1.0,100,1.0,1,"{'C': 10.0, 'gamma_factor': 1.0, 'max_vmap': 100, 't': 1.0, 'trotter_steps': 1}",0.8333333333333334,0.8333333333333334,0.9166666666666666,0.9166666666666666,0.7916666666666666,0.8583333333333334,0.04999999999999998,30,0.8975694444444445,0.8246527777777777,0.9774305555555556,0.9756944444444444,0.9010416666666667,0.9152777777777779,0.056995234801897776,37
70,5.680404949188232,0.3237141087202449,14.704952573776245,0.7766244757802236,10.0,1.0,100,1.0,3,"{'C': 10.0, 'gamma_factor': 1.0, 'max_vmap': 100, 't': 1.0, 'trotter_steps': 3}",0.9375,0.8958333333333334,0.9583333333333334,0.9583333333333334,0.8333333333333334,0.9166666666666667,0.047507309379130745,11,0.9548611111111112,0.9288194444444444,0.998263888888889,0.9652777777777778,0.9149305555555556,0.9524305555555556,0.029104596652355402,21
71,8.342014074325562,0.27406752108039967,24.132844591140746,0.6766940746605964,10.0,1.0,100,1.0,5,"{'C': 10.0, 'gamma_factor': 1.0, 'max_vmap': 100, 't': 1.0, 'trotter_steps': 5}",0.9375,0.8958333333333334,0.9375,0.9583333333333334,0.8541666666666666,0.9166666666666667,0.03726779962499651,11,0.9583333333333334,0.9548611111111112,0.96875,0.984375,0.954861111111111,0.9642361111111111,0.011283386673105498,9
72,3.3544423580169678,0.12533418850930192,8.348611640930176,0.4366059586010727,10.0,10.0,100,0.01,1,"{'C': 10.0, 'gamma_factor': 10.0, 'max_vmap': 100, 't': 0.01, 'trotter_steps': 1}",0.6666666666666666,0.5208333333333334,0.7083333333333334,0.625,0.4791666666666667,0.6,0.0868027777333319,77,0.7074652777777778,0.5842013888888888,0.8151041666666666,0.7039930555555556,0.6354166666666666,0.6892361111111109,0.07787382462502017,63
73,5.593952465057373,0.26396137445787504,14.570449447631836,0.6847002903889916,10.0,10.0,100,0.01,3,"{'C': 10.0, 'gamma_factor': 10.0, 'max_vmap': 100, 't': 0.01, 'trotter_steps': 3}",0.6666666666666666,0.5208333333333334,0.7083333333333334,0.625,0.4791666666666667,0.6,0.0868027777333319,77,0.7092013888888888,0.5859375,0.8151041666666666,0.7057291666666667,0.6354166666666666,0.6902777777777778,0.07755657408396772,61
74,8.119821119308472,0.1235393549867846,24.12117748260498,0.7258063792833781,10.0,10.0,100,0.01,5,"{'C': 10.0, 'gamma_factor': 10.0, 'max_vmap': 100, 't': 0.01, 'trotter_steps': 5}",0.6666666666666666,0.5208333333333334,0.7083333333333334,0.6458333333333334,0.4791666666666667,0.6041666666666667,0.08838834764831845,76,0.7092013888888888,0.584201388888889,0.8151041666666666,0.7057291666666667,0.6354166666666666,0.6899305555555555,0.07802539947326742,62
75,3.4049742221832275,0.12344693412234146,8.434241533279419,0.32318400021678684,10.0,10.0,100,0.1,1,"{'C': 10.0, 'gamma_factor': 10.0, 'max_vmap': 100, 't': 0.1, 'trotter_steps': 1}",0.8958333333333334,0.9375,0.9375,0.9791666666666666,0.8958333333333334,0.9291666666666666,0.03118047822311615,7,0.9895833333333333,0.9861111111111112,0.9930555555555556,1.0,0.9722222222222223,0.9881944444444445,0.009212846639876074,3
76,5.589168834686279,0.2397469762524531,14.532909631729126,0.6773789866085203,10.0,10.0,100,0.1,3,"{'C': 10.0, 'gamma_factor': 10.0, 'max_vmap': 100, 't': 0.1, 'trotter_steps': 3}",0.8958333333333334,0.9375,0.9375,0.9791666666666666,0.875,0.925,0.03632415786283893,8,0.9913194444444444,0.9861111111111112,0.9947916666666666,1.0,0.9722222222222222,0.9888888888888889,0.00948368075260254,1
77,8.320347547531128,0.22988357385635835,24.036848163604738,0.3526772140296402,10.0,10.0,100,0.1,5,"{'C': 10.0, 'gamma_factor': 10.0, 'max_vmap': 100, 't': 0.1, 'trotter_steps': 5}",0.8958333333333334,0.9375,0.9375,0.9791666666666666,0.875,0.925,0.03632415786283893,8,0.9913194444444444,0.9826388888888888,0.9930555555555556,1.0,0.9722222222222222,0.9878472222222221,0.009572256077840442,5
78,3.410039949417114,0.1262327555806363,8.435675525665284,0.34104783700724406,10.0,10.0,100,1.0,1,"{'C': 10.0, 'gamma_factor': 10.0, 'max_vmap': 100, 't': 1.0, 'trotter_steps': 1}",0.8541666666666666,0.75,0.9375,0.9166666666666666,0.8125,0.8541666666666666,0.06846531968814576,33,0.8993055555555555,0.9427083333333333,0.9861111111111112,0.9461805555555556,0.8506944444444445,0.925,0.04621317770084498,33
79,5.699263381958008,0.3457256410453288,14.741304683685303,0.8132216526572538,10.0,10.0,100,1.0,3,"{'C': 10.0, 'gamma_factor': 10.0, 'max_vmap': 100, 't': 1.0, 'trotter_steps': 3}",0.8958333333333334,0.8541666666666666,0.9583333333333334,0.9375,0.8125,0.8916666666666668,0.053359368645273755,18,0.9756944444444444,0.9444444444444444,0.9947916666666666,0.9635416666666667,0.9322916666666666,0.9621527777777779,0.02216246305171243,10
80,8.316472387313842,0.049841585065589736,24.36340022087097,0.3232361947770317,10.0,10.0,100,1.0,5,"{'C': 10.0, 'gamma_factor': 10.0, 'max_vmap': 100, 't': 1.0, 'trotter_steps': 5}",0.9166666666666666,0.8541666666666666,0.9583333333333334,0.9375,0.8333333333333334,0.9,0.04823265376162594,15,0.9826388888888888,0.9461805555555556,0.9774305555555556,0.96875,0.9322916666666666,0.9614583333333334,0.019188544277289027,14
81,3.3703495502471923,0.13475490783011418,8.33807373046875,0.39638761335506745,100.0,0.1,100,0.01,1,"{'C': 100.0, 'gamma_factor': 0.1, 'max_vmap': 100, 't': 0.01, 'trotter_steps': 1}",0.5,0.4583333333333333,0.6041666666666666,0.5416666666666666,0.5208333333333334,0.525,0.04823265376162593,89,0.7118055555555555,0.6041666666666666,0.7100694444444444,0.685763888888889,0.6362847222222223,0.6696180555555555,0.042595265868200824,70
82,5.601131391525269,0.2599511103408186,14.69668140411377,0.7706032040355196,100.0,0.1,100,0.01,3,"{'C': 100.0, 'gamma_factor': 0.1, 'max_vmap': 100, 't': 0.01, 'trotter_steps': 3}",0.5,0.4583333333333333,0.6041666666666666,0.5416666666666666,0.5208333333333334,0.525,0.04823265376162593,89,0.7118055555555555,0.6041666666666666,0.7517361111111112,0.6840277777777778,0.6362847222222223,0.6776041666666666,0.05254884558997948,65
83,8.335879516601562,0.03490791021145906,24.571239709854126,0.4060546108116207,100.0,0.1,100,0.01,5,"{'C': 100.0, 'gamma_factor': 0.1, 'max_vmap': 100, 't': 0.01, 'trotter_steps': 5}",0.5,0.4583333333333333,0.6041666666666666,0.5416666666666666,0.5208333333333334,0.525,0.04823265376162593,89,0.7118055555555555,0.6041666666666666,0.7621527777777778,0.6840277777777778,0.6362847222222223,0.6796875,0.05556640519056877,64
84,3.5071486473083495,0.24139699697738554,8.43689751625061,0.33154152743506815,100.0,0.1,100,0.1,1,"{'C': 100.0, 'gamma_factor': 0.1, 'max_vmap': 100, 't': 0.1, 'trotter_steps': 1}",0.875,0.875,0.8541666666666666,0.8541666666666666,0.8333333333333334,0.8583333333333332,0.015590239111558081,32,0.90625,0.8350694444444444,0.9600694444444444,0.9305555555555556,0.8107638888888888,0.8885416666666668,0.05675145141451734,46
85,5.706512928009033,0.3623878516180937,14.836283111572266,0.9011099146521964,100.0,0.1,100,0.1,3,"{'C': 100.0, 'gamma_factor': 0.1, 'max_vmap': 100, 't': 0.1, 'trotter_steps': 3}",0.875,0.875,0.8958333333333334,0.875,0.8333333333333334,0.8708333333333333,0.020412414523193145,26,0.9270833333333334,0.84375,0.953125,0.9444444444444444,0.8142361111111112,0.8965277777777778,0.056551404426349934,45
86,8.478031396865845,0.541542407690748,24.64703679084778,0.2924271807082474,100.0,0.1,100,0.1,5,"{'C': 100.0, 'gamma_factor': 0.1, 'max_vmap': 100, 't': 0.1, 'trotter_steps': 5}",0.8958333333333334,0.8958333333333334,0.8958333333333334,0.8541666666666666,0.8333333333333334,0.875,0.026352313834736508,25,0.9340277777777778,0.8472222222222222,0.953125,0.9427083333333333,0.8159722222222222,0.898611111111111,0.05592972952787925,43
87,3.4221381664276125,0.12174187981872263,8.823834419250488,0.46588733436532476,100.0,0.1,100,1.0,1,"{'C': 100.0, 'gamma_factor': 0.1, 'max_vmap': 100, 't': 1.0, 'trotter_steps': 1}",0.8125,0.7916666666666666,0.8958333333333334,0.9375,0.8333333333333334,0.8541666666666666,0.05432668671002208,33,0.8958333333333334,0.8090277777777778,0.9305555555555556,0.9947916666666667,0.9097222222222222,0.9079861111111113,0.05998006356024775,40
88,5.621786165237427,0.26558795765887444,14.720467662811279,0.7736711160748272,100.0,0.1,100,1.0,3,"{'C': 100.0, 'gamma_factor': 0.1, 'max_vmap': 100, 't': 1.0, 'trotter_steps': 3}",0.8958333333333334,0.9166666666666666,0.9166666666666666,0.9791666666666666,0.8541666666666666,0.9125,0.04039733214513607,14,0.923611111111111,0.9427083333333334,0.9930555555555555,1.0,0.8576388888888891,0.9434027777777778,0.05180015610825414,26
89,8.38084077835083,0.2871779222966192,22.963627910614015,0.8476805397484587,100.0,0.1,100,1.0,5,"{'C': 100.0, 'gamma_factor': 0.1, 'max_vmap': 100, 't': 1.0, 'trotter_steps': 5}",0.9166666666666666,0.9166666666666666,0.9166666666666666,0.9583333333333334,0.875,0.9166666666666667,0.026352313834736508,11,0.9444444444444444,0.9409722222222223,0.9895833333333334,1.0,0.9340277777777778,0.9618055555555556,0.02734030511809656,12
90,3.5434365272521973,0.16338298213584382,8.489663982391358,0.328389040086392,100.0,1.0,100,0.01,1,"{'C': 100.0, 'gamma_factor': 1.0, 'max_vmap': 100, 't': 0.01, 'trotter_steps': 1}",0.6458333333333334,0.4791666666666667,0.7291666666666666,0.5833333333333334,0.4791666666666667,0.5833333333333333,0.09682458365518541,81,0.703125,0.5520833333333333,0.8090277777777779,0.6666666666666667,0.625,0.6711805555555556,0.08527540260897902,68
91,5.702097320556641,0.3188293611166496,15.263402795791626,0.9447477792697003,100.0,1.0,100,0.01,3,"{'C': 100.0, 'gamma_factor': 1.0, 'max_vmap': 100, 't': 0.01, 'trotter_steps': 3}",0.6458333333333334,0.5,0.7291666666666666,0.5833333333333334,0.4791666666666667,0.5875,0.09260879487872027,79,0.701388888888889,0.5538194444444444,0.8055555555555556,0.670138888888889,0.625,0.6711805555555557,0.08351831321318284,67
92,8.213308620452882,0.22940188001421558,21.806539821624757,0.33631633926928806,100.0,1.0,100,0.01,5,"{'C': 100.0, 'gamma_factor': 1.0, 'max_vmap': 100, 't': 0.01, 'trotter_steps': 5}",0.6458333333333334,0.5,0.7291666666666666,0.5833333333333334,0.4791666666666667,0.5875,0.09260879487872027,79,0.701388888888889,0.5538194444444444,0.8020833333333333,0.670138888888889,0.625,0.6704861111111111,0.08240513157489976,69
93,3.4111708641052245,0.11151286571071967,9.536159038543701,1.388127839165153,100.0,1.0,100,0.1,1,"{'C': 100.0, 'gamma_factor': 1.0, 'max_vmap': 100, 't': 0.1, 'trotter_steps': 1}",0.9583333333333334,0.9166666666666666,0.9375,0.9583333333333334,0.8958333333333334,0.9333333333333333,0.024295632895188764,6,0.9618055555555556,0.984375,0.9895833333333334,0.9930555555555556,0.9444444444444444,0.9746527777777778,0.018620955108044353,7
94,6.053865528106689,0.6361329862267397,14.799509143829345,0.3527402584354895,100.0,1.0,100,0.1,3,"{'C': 100.0, 'gamma_factor': 1.0, 'max_vmap': 100, 't': 0.1, 'trotter_steps': 3}",0.9375,0.9375,0.9375,0.9583333333333334,0.9166666666666666,0.9375,0.013176156917368271,4,0.9461805555555555,0.9791666666666666,0.9895833333333334,0.9913194444444444,0.888888888888889,0.9590277777777778,0.038643197099861755,16
95,8.347743844985962,0.6658588151403493,21.500828647613524,0.9122641421653075,100.0,1.0,100,0.1,5,"{'C': 100.0, 'gamma_factor': 1.0, 'max_vmap': 100, 't': 0.1, 'trotter_steps': 5}",0.9375,0.9375,0.9375,0.9583333333333334,0.9166666666666666,0.9375,0.013176156917368271,4,0.9444444444444444,0.9756944444444444,0.9895833333333334,0.9913194444444444,0.8854166666666667,0.9572916666666668,0.03967460238079359,18
96,3.454455852508545,0.09056135332718404,8.657583475112915,0.3772147187906459,100.0,1.0,100,1.0,1,"{'C': 100.0, 'gamma_factor': 1.0, 'max_vmap': 100, 't': 1.0, 'trotter_steps': 1}",0.8333333333333334,0.7708333333333334,0.9166666666666666,0.8958333333333334,0.75,0.8333333333333334,0.06588078458684123,43,0.9149305555555556,0.8055555555555556,0.9791666666666666,0.9444444444444444,0.8489583333333333,0.898611111111111,0.06321542691952085,43
97,5.630830240249634,0.2028052887908889,14.798117017745971,0.8409719583743918,100.0,1.0,100,1.0,3,"{'C': 100.0, 'gamma_factor': 1.0, 'max_vmap': 100, 't': 1.0, 'trotter_steps': 3}",0.9166666666666666,0.875,0.9166666666666666,0.9583333333333334,0.8333333333333334,0.9,0.042491829279939865,15,0.9149305555555556,0.9184027777777778,0.9913194444444444,0.9635416666666667,0.9461805555555556,0.946875,0.028582105037856485,25
98,8.70864520072937,0.8377563728602575,21.842181539535524,0.45744304844354206,100.0,1.0,100,1.0,5,"{'C': 100.0, 'gamma_factor': 1.0, 'max_vmap': 100, 't': 1.0, 'trotter_steps': 5}",0.9375,0.8958333333333334,0.9375,0.9583333333333334,0.875,0.9208333333333334,0.03061862178478973,10,0.9479166666666666,0.9236111111111112,0.9565972222222222,0.9930555555555555,0.9565972222222222,0.9555555555555555,0.022303453962155134,20
99,3.3944408893585205,0.09753569704739704,8.405441331863404,0.3225887769362156,100.0,10.0,100,0.01,1,"{'C': 100.0, 'gamma_factor': 10.0, 'max_vmap': 100, 't': 0.01, 'trotter_steps': 1}",0.875,0.8333333333333334,0.8541666666666666,0.7916666666666666,0.7916666666666666,0.8291666666666666,0.03333333333333335,45,0.8038194444444444,0.7586805555555555,0.8975694444444444,0.9010416666666666,0.7083333333333334,0.8138888888888889,0.07601232944986662,52
100,5.563925838470459,0.19973680302376284,14.499422216415406,0.6780031097970691,100.0,10.0,100,0.01,3,"{'C': 100.0, 'gamma_factor': 10.0, 'max_vmap': 100, 't': 0.01, 'trotter_steps': 3}",0.875,0.8333333333333334,0.8541666666666666,0.7916666666666666,0.7916666666666666,0.8291666666666666,0.03333333333333335,45,0.8038194444444444,0.7586805555555555,0.8975694444444444,0.8993055555555556,0.7100694444444445,0.8138888888888889,0.07513490952699436,52
101,8.075888872146606,0.0825683656780048,21.728410148620604,0.10986771775802287,100.0,10.0,100,0.01,5,"{'C': 100.0, 'gamma_factor': 10.0, 'max_vmap': 100, 't': 0.01, 'trotter_steps': 5}",0.875,0.8541666666666666,0.8541666666666666,0.7916666666666666,0.7916666666666666,0.8333333333333333,0.034860834438919824,44,0.8038194444444444,0.7604166666666666,0.8958333333333334,0.8993055555555556,0.7100694444444445,0.8138888888888889,0.07449838686214438,52
102,3.385863924026489,0.10238673126063552,8.631185388565063,0.5360739016411535,100.0,10.0,100,0.1,1,"{'C': 100.0, 'gamma_factor': 10.0, 'max_vmap': 100, 't': 0.1, 'trotter_steps': 1}",0.9791666666666666,0.9791666666666666,0.9791666666666666,1.0,0.875,0.9625,0.044487826050130456,1,0.9861111111111112,1.0,0.96875,1.0,0.9774305555555555,0.9864583333333334,0.012344714468493886,6
103,5.615257930755615,0.28233195985417275,14.549710321426392,0.7120528530034247,100.0,10.0,100,0.1,3,"{'C': 100.0, 'gamma_factor': 10.0, 'max_vmap': 100, 't': 0.1, 'trotter_steps': 3}",0.9791666666666666,0.9791666666666666,0.9583333333333334,1.0,0.8541666666666666,0.9541666666666666,0.05170697352496191,2,0.998263888888889,1.0,0.9635416666666667,1.0,0.9791666666666667,0.9881944444444445,0.014624610894897673,3
104,8.27152066230774,0.2838145795547791,22.836953115463256,1.4086124588836357,100.0,10.0,100,0.1,5,"{'C': 100.0, 'gamma_factor': 10.0, 'max_vmap': 100, 't': 0.1, 'trotter_steps': 5}",0.9791666666666666,0.9791666666666666,0.9583333333333334,1.0,0.8541666666666666,0.9541666666666666,0.05170697352496191,2,1.0,1.0,0.9652777777777778,1.0,0.9774305555555556,0.9885416666666667,0.014550226972053439,2
105,3.384780025482178,0.10787158302104469,8.37028889656067,0.31974853720184077,100.0,10.0,100,1.0,1,"{'C': 100.0, 'gamma_factor': 10.0, 'max_vmap': 100, 't': 1.0, 'trotter_steps': 1}",0.8541666666666666,0.75,0.9375,0.9166666666666666,0.8125,0.8541666666666666,0.06846531968814576,33,0.8993055555555555,0.9427083333333333,0.9861111111111112,0.9461805555555556,0.8506944444444445,0.925,0.04621317770084498,33
106,5.623713541030884,0.2032630084624653,14.616014766693116,0.608951722669224,100.0,10.0,100,1.0,3,"{'C': 100.0, 'gamma_factor': 10.0, 'max_vmap': 100, 't': 1.0, 'trotter_steps': 3}",0.8958333333333334,0.8541666666666666,0.9583333333333334,0.9375,0.8125,0.8916666666666668,0.053359368645273755,18,0.9756944444444444,0.9444444444444444,0.9947916666666666,0.9635416666666667,0.9322916666666666,0.9621527777777779,0.02216246305171243,10
107,8.168595218658448,0.128602574588841,21.534062337875366,0.6503350489070842,100.0,10.0,100,1.0,5,"{'C': 100.0, 'gamma_factor': 10.0, 'max_vmap': 100, 't': 1.0, 'trotter_steps': 5}",0.9166666666666666,0.8541666666666666,0.9583333333333334,0.9375,0.8333333333333334,0.9,0.04823265376162594,15,0.9826388888888888,0.9461805555555556,0.9774305555555556,0.96875,0.9322916666666666,0.9614583333333334,0.019188544277289027,14
